Number,SMILES,Material Code,Name,CAS,Molecular Weight
1,CCC[C@@H]1C[C@H](N(C1)C)C(=O)N[C@@H]([C@@H]2[C@@H]([C@@H]([C@H]([C@H](O2)SC)O)O)O)[C@H](C)Cl,sc-200097,Clindamycin Hydrochloride,21462-39-5,424.1798708
2,C1[C@H]([C@H]([C@@H]([C@H](N1)CO)O)O)O,sc-201360,Deoxymannojirimycin hydrochloride,84444-90-6,163.0844579
3,C1[C@@H]([C@H]([C@@H]([C@H](N1)CO)O)O)O,sc-201369,Deoxynojirimycin,19130-96-2,163.0844579
4,[C@H]1([C@@H]([C@H]([C@@H]([C@H]([C@@H]1OP(=O)([O-])[O-])O)OP(=O)([O-])[O-])OP(=O)([O-])[O-])O)O,sc-201521,"D-myo-Inositol-1,4,5-trisphosphate hexapotassium salt",103476-24-0,413.918721
5,[C@H]1([C@@H]([C@H]([C@@H]([C@H]([C@@H]1OP(=O)([O-])[O-])O)OP(=O)([O-])[O-])OP(=O)([O-])[O-])O)O,sc-201522,"D-myo-Inositol-1,4,5-trisphosphate hexasodium salt",108340-81-4,413.918721
6,C1[C@@H]([C@H]([C@@H]([C@H](N1)CO)O)O)O,sc-201694,1-Deoxynojirimycin Hydrochloride,73285-50-4,163.0844579
7,C(C=O)[C@H]([C@@H]([C@@H](CO)O)O)O,sc-202010,2-Deoxy-D-glucose,154-17-6,164.0684735
8,[C@@H]1([C@H](C([C@H]([C@@H](C1O)O)OP(=O)(O)O)OP(=O)(O)O)OP(=O)(O)O)O,sc-202121,"D-myo-Inositol 1,4,5-trisphosphate triammonium salt",112571-69-4,419.9623797
9,C1[C@@H]([C@H]([C@H]([C@H](N1)CO)O)O)O,sc-202130,Deoxygalactonojirimycin Hydrochloride,75172-81-5,163.0844579
10,C1[C@@H]([C@H]([C@@H](O[C@@]1(C(=O)O)O)[C@@H]([C@@H](CO)O)O)NC(=O)CO)O,sc-202234,N-Glycolylneuraminic Acid,1113-83-3,325.1008958
11,C([C@@H]1[C@H]([C@@H]([C@H]([C@H](O1)O[C@@H]2[C@@H]([C@H]([C@@H]([C@H](O2)CO)O)O)O)O)O)O)O,sc-202368,"Trehalose, Dihydrate",6138-23-4,342.1162115
12,C(C=O)[C@H]([C@H]([C@@H](CO)O)O)O,sc-202400,2-Deoxy-D-galactose,1949-89-9,164.0684735
13,C([C@H]([C@H]([C@@H](C(=O)CO)O)O)O)OP(=O)([O-])[O-],sc-202563,"D-Fructose-6-phosphate, Disodium Salt",26177-86-6,258.0151657
14,C([C@@H]1[C@@H]([C@@H]([C@H](C(O1)O)O)O)O)O,sc-202564,D-Galactose,59-23-4,180.0633881
15,C([C@H]([C@H]([C@@H]([C@H](C(=O)[O-])O)O)O)O)O,sc-202565,D-Gluconic acid potassium salt,299-27-4,195.0510263
16,[C@H]1([C@@H]([C@H]([C@@H]([C@H]([C@@H]1OP(=O)(O)[O-])O)OP(=O)(O)[O-])OP(=O)(O)[O-])O)O,sc-202566,"D-myo-Inositol 1,4,5-trisphosphate trilithium salt",129828-69-9,416.9405503
17,C[C@H]([C@@H]([C@@H]([C@H](C=O)O)O)O)O,sc-202567,D(+)Fucose,3615-37-0,164.0684735
18,C([C@@H]1[C@@H]([C@@H]([C@H](C(O1)O)N)O)O)O,sc-202568,"D(+)Galactosamine, Hydrochloride",1772-03-8,179.0793725
19,C([C@@H]1[C@H]([C@@H]([C@H](C(=O)O1)O)O)O)O,sc-202632,Gluconolactone,90-80-2,178.047738
20,C1(C(C(C(C(C1O)O)O)O)O)O,sc-202714,myo-Inositol,87-89-8,180.0633881
21,C1CCN(C1)/[N+](=N/OC2C(C(C(C(O2)CO)O)O)O)/[O-],sc-202861,ß-Gal NONOate,357192-78-0,293.1222999
22,C([C@H]([C@H]([C@@H]([C@@H](C=O)O)O)O)O)OP(=O)([O-])[O-],sc-203019,"D-Mannose-6-phosphate, Disodium Salt",33068-18-7,258.0151657
23,C([C@H]([C@H]([C@@H]([C@@H](CO)O)O)O)O)O,sc-203020A,D(-)Mannitol,69-65-8,182.0790382
24,C([C@@H]([C@H]([C@@H](C(=O)CO)O)O)O)O,sc-203100,L(-)Sorbose,87-79-6,180.0633881
25,C([C@H]([C@H]([C@@H]([C@H](CO)O)O)O)O)O,sc-203278,D-Sorbitol,50-70-4,182.0790382
26,[C@H]1([C@H](C([C@H]([C@H](C1OP(=O)([O-])[O-])O)OP(=O)([O-])[O-])OP(=O)([O-])[O-])OP(=O)([O-])[O-])O,sc-203559,"D-myo-Inositol-1,3,4,5-tetrakisphosphate, octapotassium salt",135269-51-1,491.8704986
27,C([C@@H]1[C@@H]([C@@H]([C@H]([C@H](O1)OP(=O)([O-])[O-])O)O)O)O,sc-203795,a-D-Galactose-1-phosphate dipotassium salt Pentahydrate,19046-60-7,258.0151657
28,C1[C@@H]([C@H](O[C@H]([C@@H]1O)O[C@H]2[C@@H]([C@H](O[C@H]([C@@H]2O)O[C@@H]3[C@H](CO[C@@H]([C@H]3O)CO)O)CO)O)CO)O,sc-203832,"b-Glucan, Saccharomyces cerevisiae",9012-72-0,472.1792057
29,CC(=O)N[C@@H]1[C@H]([C@H]([C@H](O[C@H]1O)OS(=O)(=O)O)O)O[C@H]2[C@@H]([C@H]([C@@H]([C@H](O2)C(=O)O)O)O)O,sc-203888,"Chondroitin Sulfate, Bovine",9007-28-7,463.06319
30,CC(=O)N[C@@H]1[C@H]([C@H]([C@H](O[C@H]1O)CO)OS(=O)(=O)[O-])O[C@H]2[C@@H]([C@H]([C@@H]([C@@H](O2)C(=O)[O-])O)O)O,sc-203916,Dermatan Sulfate,54328-33-5,475.0642871
31,CCOC(=O)C1=CC=C(C=C1)N,sc-203917,"Dextran Sulfate, Sodium Salt MW ~500,000",9011-18-1,165.0789786
32,C([C@@H]1[C@H]([C@@H]([C@H]([C@H](O1)O[C@]2([C@H]([C@@H]([C@H](O2)CO)O)O)CO)O)O)O)O,sc-204311,Sucrose,57-50-1,342.1162115
33,C1[C@@H]([C@@H]([C@H]([C@@H]([C@]1(CO)O)O)O)O)NC(CO)CO,sc-204384,Voglibose,83480-29-9,267.131802
34,C([C@H]([C@H]([C@@H]([C@H](C=O)N)O)O)O)O,sc-204769,D-Glucosamine sulfate,29031-19-4,179.0793725
35,[C@H]1([C@H](C([C@H]([C@@H](C1O)O)OP(=O)(O)[O-])O)OP(=O)(O)[O-])O,sc-205284,"D-myo-Inositol-1,3-diphosphate (sodium salt)",208584-52-5,337.9814962
36,[C@H]1([C@H](C([C@H]([C@H](C1OP(=O)([O-])[O-])O)OP(=O)([O-])[O-])OP(=O)([O-])[O-])OP(=O)([O-])[O-])O,sc-205285,"D-myo-Inositol-1,3,4,5-tetraphosphate (sodium salt)",210488-61-2,491.8704986
37,[C@@H]1([C@H](C([C@H]([C@@H](C1O)O)OP(=O)(O)[O-])OP(=O)(O)[O-])OP(=O)(O)[O-])O,sc-205286,"D-myo-Inositol-1,5,6-triphosphate, sodium salt",120965-76-6,416.9405503
38,[C@H]1([C@H](C([C@H]([C@H](C1O)O)O)OP(=O)(O)[O-])O)O,sc-205287,D-myo-Inositol-4-phosphate (ammonium salt),142760-33-6,259.0224422
39,CC(=O)OC[C@@H]1[C@H]([C@@H]([C@H]([C@@H](O1)S)OC(=O)C)OC(=O)C)OC(=O)C,sc-205567,1-Thio-beta-D-glucose tetraacetate,19879-84-6,364.0828032
40,CC1C(C(C(CN1)O)O)O,sc-205644,Deoxyfuconojirimycin hydrochloride,210174-73-5,147.0895433
41,COC1[C@@H]([C@H](C([C@@H]([C@H]1O)O)O)O)O,sc-205950,L-Quebrachitol,642-38-6,194.0790382
42,COC(=O)C1=NN(C=N1)C2C(C(C(O2)CO)O)O,sc-206116,"1-beta-D-Ribofuranosyl-1,2,4-triazole-3-carboxylic Acid Methyl Ester",38934-69-9,259.0804351
43,C1[C@@H]([C@H]([C@@H]([C@@H](N1)CO)O)O)O,sc-206160,1-Deoxy-L-idonojirimycin Hydrochloride,210223-32-8,163.0844579
44,CC(=O)OC1[C@@H]([C@@H]([C@H](O1)COC(=O)C2=CC=CC=C2)OC(=O)C3=CC=CC=C3)OC(=O)C4=CC=CC=C4,sc-206190,"1-O-Acetyl-2,3,5-tri-O-benzoyl-alpha,beta-D-ribofuranose",14215-97-5,504.1420323
45,CC(=O)OC[C@@H]1[C@H]([C@@H]([C@H]([C@H](O1)OC(=O)C)N)OC(=O)C)OC(=O)C,sc-206247,"1,3,4,6-Tetra-O-acetyl-2-amino-2-deoxy-alpha-D-glucopyranose Hydrochloride",10034-19-2,347.1216313
46,C1[C@H]([C@H]([C@H](O1)[C@@H](CO)O)O)O,sc-206250,"1,4-Anhydro-D-mannitol",7726-97-8,164.0684735
47,C[C@H]1[C@H]([C@H]([C@@H]([C@@H](O1)O[C@H]([C@H](C=O)NC(=O)C)[C@@H]([C@@H](CO)O)O)O)O)O,sc-206361,2-Acetamido-2-deoxy-3-O-(alpha-L-fucopyranosyl)-D-glucopyranose,52630-68-9,367.147846
48,CS(=O)(=O)OC1C([C@@H]([C@H](O1)COC(=O)C2=CC=CC=C2)OC(=O)C3=CC=CC=C3)(F)F,sc-206442,"2-Deoxy-2,2-difluoro-D-erythro-ribofuranose-3,5-dibenzoate 1-Methanesulfonate",122111-11-9,456.069045
49,C([C@H]1C([C@H]([C@@H](O1)COP(=O)([O-])[O-])O)O)O,sc-206526,"2,5-Anhydro-D-mannitol-1-phosphate barium salt",352000-02-3,242.0202511
50,CC1CC=CC=CCCCCC(C(C(CC(=O)O1)OC(=O)C)OC)OC2CCC(C(O2)C)OC3CCCCO3,sc-206551,2prime-O-Acetylspiramycin I,89000-32-8,552.3298331
51,C1=C(OC(C(C1N)O)[C@@H]([C@@H](CO)O)O)C(=O)O,sc-206809,"4-Amino-2,6-anhydro-3,4-dideoxy-D-glycero-D-galacto-non-2-enoic Acid",263155-12-0,249.0848518
52,C([C@H]([C@H]([C@@H]([C@H](C(=O)[O-])O)O)O)O)OP(=O)([O-])[O-],sc-207132,"6-Phosphogluconic acid, trisodium salt",53411-70-4,273.0028039
53,C([C@@H]1[C@@H]([C@@H]([C@H](C(O1)OC[C@@H]2[C@H]([C@@H]([C@H](C(O2)O[C@]3([C@H]([C@@H]([C@H](O3)CO)O)O)CO)O)O)O)O)O)O)O,sc-207473,D-(+)-Raffinose pentahydrate,17629-30-0,504.1690349
54,CC(C)(COC1[C@@H]([C@H]([C@@H]([C@H](O1)C(=O)O)O)O)O)C#C/C=C/CN(C)CC2=CC=CC3=CC=CC=C32,sc-207744,Hydroxy Terbinafine beta-D-Glucuronide,99473-12-8,483.2257024
55,C([C@H]([C@H]([C@@H]([C@H](C=O)O)N)O)O)O,sc-207777,"Kanosamine, Hydrochloride",576-44-3,179.0793725
56,C[C@@H]([C@@H]([C@H]([C@H](C=O)O)O)O)O,sc-207810,L-Rhamnose monohydrate,10030-85-0,164.0684735
57,CS[C@H]1[C@@H]([C@H]([C@H]([C@H](O1)CO)O)O)O,sc-207879,Methyl-1-thio-b-D-galactopyranoside,155-30-6,210.0561945
58,CC(=O)N[C@H]1[C@H]([C@@H](C(O[C@H]1O)COC(=O)C)OC(=O)C)OC(=O)C,sc-208932,"2-(Acetylamino)-2-deoxy-D-glucopyranose 3,4,6-Triacetate",34051-43-9,347.1216313
59,CC(=O)N[C@@H]1[C@H]([C@@H]([C@H](O[C@H]1N)CO)O)O,sc-208978,2-Acetamido-2-deoxy-beta-D-glucosylamine,4229-38-3,220.1059216
60,C1=CC=C(C=C1)COC[C@@H]2[C@@H]([C@@H]([C@H](C(=O)O2)OCC3=CC=CC=C3)OCC4=CC=CC=C4)OCC5=CC=CC=C5,sc-209317,"2,3,4,6-Tetra-O-benzyl-D-galactono-1,5-lactone",82598-84-3,538.2355388
61,C1[C@H](C(OC(C1=O)O)CO)O,sc-209589,3-Deoxy-galactosone,4134-97-8,162.0528234
62,C([C@H]([C@H]([C@@H]([C@H](C=O)O)O)O)O)OP(=O)(O)[O-],sc-210728,D-Glucose-6-phosphate monosodium salt,54010-71-8,259.0224422
63,CN[C@H]1[C@H]([C@@H]2[C@H](C[C@H]([C@H](O2)O[C@@H]3[C@H](C[C@H]([C@@H]([C@H]3O)O)N)N)N)O[C@@H]1O[C@@H]4[C@@H]([C@H]([C@@H]([C@H](O4)CO)N)O)O)O,sc-210832,Apramycin sulfate,65710-07-8,539.2802571
64,CC1C(C(C(C(O1)CO)O)OC2C(C(C(C(O2)COC3C(C(C(CO3)O)OC)O)O)OC)O)O,sc-210833,(+)-Arabinogalactan,9036-66-2,500.2105058
65,C([C@H]([C@H]([C@@H](C(=O)[O-])O)O)O)O,sc-211004,Calcium-D-arabinoate,22373-09-7,165.0404616
66,C([C@@H]1[C@H]([C@@H]([C@H](C(O1)O)N)O)O)O,sc-211202,"D(+)Glucosamine, Hydrochloride",66-84-2,179.0793725
67,C1=CN=C(C2=C1N(C=N2)C3C(C(C(O3)CO)O)O)N,sc-211213,DEAE-Cellulose,9013-34-7,266.1015049
68,C1=C(N=CC(=N1)[C@H]([C@@H]([C@@H](CO)O)O)O)[C@H]([C@@H]([C@@H](CO)O)O)O,sc-211545A,Fructosazine,13185-73-4,320.1219656
69,C([C@@H]1[C@H]([C@@H]([C@H]([C@@H](O1)OC(CO)CO)O)O)O)O,sc-211562,2-(beta-Glucosyl)glycerol,10588-30-4,254.1001675
70,C1COCCN1CC(=O)C(C(C(CO)O)O)O,sc-213325,1-Deoxy-1-morpholino-D-fructose,6291-16-3,249.1212373
71,CC(=O)O[C@@H]1COC([C@@H]([C@H]1OC(=O)C)OC(=O)C)OC(=O)C,sc-213461,"1,2,3,4-Tetra-O-acetyl-D-xylopyranose",62446-93-9,318.0950822
72,C1[C@@H]2[C@@H]([C@@H]([C@H]([C@@H](O1)O2)O)O)O,sc-213536,"1,6-Anhydro-D-galactose",644-76-8,162.0528234
73,C([C@H]([C@H]([C@@H]([C@@H](CBr)O)O)O)O)Br,sc-213544,"1,6-Dibromo-1,6-dideoxy-D-mannitol",488-41-5,305.9102331
74,C(C=O)[C@@H]([C@@H](COP(=O)(O)[O-])O)O,sc-213795,2-Deoxyribose 5-phosphate sodium salt,102916-66-5,213.0169629
75,C([C@H](C(=O)[O-])OP(=O)([O-])[O-])OP(=O)([O-])[O-],sc-213964,"2,3-Diphospho-D-glyceric acid pentasodium salt",102783-53-9,260.9228875
76,CC(=O)O[C@@H]1COC([C@@H]([C@H]1OC(=O)C)OC(=O)C)O,sc-213967,"2,3,4-Tri-O-acetyl-D-xylopyranose",106820-14-8,276.0845175
77,CN1C(CNC2=C1C(=O)NC(=N2)N)CNC3=CC=C(C=C3)C(=O)NC(CCC(=O)[O-])C(=O)[O-],sc-214334,5-Methyltetrahydrofolic acid disodium salt,68792-52-9,457.1720786
78,C(C1[C@H](C(C(C(O1)O)O)O)O[C@H]2C(C(C(C(O2)CO)O)O)O)O,sc-214443,alpha-Cellulose,9004-34-6,342.1162115
79,C([C@@H]1[C@H]([C@@H]([C@H]([C@H](O1)OP(=O)([O-])[O-])O)O)O)O,sc-214447,alpha-D-Glucose 1-phosphate dipotassium salt,6736-77-2,258.0151657
80,C(C1C(C(C(C(O1)OC2C(OC(C(C2O)O)OP(=O)(O)O)CO)O)O)O)O,sc-214450A,a-Lactose 1-phosphate barium salt,103404-65-5,422.082542
81,C([C@H]([C@H]([C@@H]([C@H](C(=O)[O-])O)O)O)O)O,sc-214651,Calcium D-gluconate monohydrate,66905-23-5,195.0510263
82,CC(=O)N[C@@H]1[C@H]([C@H]([C@H](OC1O)CO)OS(=O)(=O)[O-])OC2[C@@H]([C@H](C=C(O2)C(=O)[O-])O)O,sc-214710,Chondroitin disaccharide ?di-4S sodium salt,136144-56-4,457.0537224
83,CC(=O)N[C@@H]1[C@H]([C@H]([C@H](OC1O)COS(=O)(=O)[O-])O)OC2[C@@H]([C@H](C=C(O2)C(=O)[O-])O)O,sc-214711,Chondroitin disaccharide deltadi-6S sodium salt,136132-72-4,457.0537224
84,C([C@H]([C@H](C=O)O)O)OP(=O)(O)[O-],sc-214801,D-Erythrose 4-phosphate sodium salt,103302-15-4,199.0013128
85,C([C@H]([C@H]([C@@H](C(=O)COP(=O)(O)[O-])O)O)O)OP(=O)([O-])[O-],sc-214805,"D-Fructose 1,6-bisphosphate trisodium salt",38099-82-0,336.9742198
86,C(=O)[C@@H]([C@H]([C@H]([C@@H](C(=O)[O-])O)O)O)O,sc-214808,D-Galacturonic acid sodium salt,14984-39-5,193.0353762
87,C(=O)[C@@H]([C@H]([C@@H]([C@@H](C(=O)[O-])O)O)O)O,sc-214813,D-Glucuronic acid sodium salt monohydrate,207300-70-7,193.0353762
88,C1=CC(=CC=C1N=C=S)OC2C(C(C(C(O2)CO)OC3C(C(C(C(O3)CO)O)O)O)O)O,sc-214814,beta-D-Lactopyranosylphenyl isothiocyanate,96324-93-5,475.1148316
89,[C@H]1([C@H]([C@@H]([C@H]([C@@H]([C@@H]1OP(=O)(O)O)OP(=O)(O)O)OP(=O)(O)O)OP(=O)(O)O)O)O,sc-214815,"D-myo-Inositol 1,2,5,6-tetrakisphosphate ammonium salt",91796-88-2,499.9287102
90,C1(C(C(C(C(C1OP(=O)(O)O)O)OP(=O)(O)O)OP(=O)(O)O)O)O,sc-214816,"D-myo-Inositol 1,3,4-tris-phosphate ammonium salt",93133-76-7,419.9623797
91,C([C@@H]1[C@H]([C@H](C(O1)OP(=O)(O)O)O)O)OP(=O)(O)O,sc-214827,"D-Ribulose 1,5-bisphosphate sodium salt",14689-84-0,309.9854845
92,[C@@H]([C@H]([C@H](C(=O)[O-])O)O)([C@@H](C(=O)O)O)O,sc-214830,D-Saccharic acid potassium salt,576-42-1,209.0302908
93,CC[N+](CC)(CC1=CC=CC=C1)CC(=O)NC2=C(C=CC=C2C)C,sc-214864,Denatonium saccharide,90823-38-4,325.22744
94,[C@@H]1([C@H]([C@H](O[C@@H]([C@@H]1O)O[C@@H]2[C@@H]([C@H](C(O[C@@H]2C(=O)O)O)O)O)C(=O)O)O)O,sc-214891,Digalacturonic acid,5894-59-7,370.0747406
95,C([C@@H]1[C@H]([C@@H]([C@H]([C@H](O1)O[C@@H]2[C@H](O[C@@H]([C@@H]([C@H]2O)O)O[C@]3([C@H]([C@@H]([C@H](O3)CO)O)O)CO)CO)O)O)O)O,sc-214968A,Erlose,13101-54-7,504.1690349
96,C1C(OC(=O)O1)C2COC(=O)O2,sc-214970,Erythritol bis(carbonate),24690-44-6,174.0164379
97,CCOCC1C(C(C(C(O1)OC)OCC)OCC)OC2C(C(C(C(O2)CO)OC)O)O,sc-214987,Ethyl cellulose,9004-57-3,454.241412
98,C1=COC(=C1)CNC2=CC(=C(C=C2C(=O)O[C@H]3[C@@H]([C@H]([C@@H]([C@H](O3)C(=O)O)O)O)O)S(=O)(=O)N)Cl,sc-215064,Furosemide Acyl-beta-D-glucuronide,72967-59-0,506.0398081
99,C1=C(O[C@H]([C@@H]([C@H]1O)OS(=O)(=O)[O-])O[C@@H]2[C@H](OC([C@@H]([C@H]2O)N)O)COS(=O)(=O)[O-])C(=O)[O-],sc-215131,Heparin disaccharide I-H sodium salt,136098-04-9,493.9926962
100,C1=C(O[C@H]([C@@H]([C@H]1O)O)O[C@@H]2[C@H](OC([C@@H]([C@H]2O)NS(=O)(=O)[O-])O)COS(=O)(=O)[O-])C(=O)[O-],sc-215134,Heparin disaccharide II-S sodium salt,136098-05-0,493.9926962
101,C1=C(O[C@H]([C@@H]([C@H]1O)OS(=O)(=O)[O-])O[C@@H]2[C@H](OC([C@@H]([C@H]2O)N)O)CO)C(=O)[O-],sc-215135,Heparin disaccharide III-H sodium salt,136098-01-6,415.0431578
102,C1=C(O[C@H]([C@@H]([C@H]1O)OS(=O)(=O)[O-])O[C@@H]2[C@H](OC([C@@H]([C@H]2O)NS(=O)(=O)[O-])O)CO)C(=O)[O-],sc-215136,Heparin disaccharide III-S sodium salt,136098-03-8,493.9926962
103,CC(=O)N[C@@H]1[C@H]([C@@H]([C@H](OC1O)CO)O[C@H]2[C@@H]([C@H](C=C(O2)C(=O)[O-])O)O)O,sc-215137,Heparin disaccharide IV-A sodium salt,136098-07-2,378.104184
104,CC(=O)N[C@@H](C=O)[C@H]([C@@H]([C@@H](CO)O)O)O[C@H]1[C@@H]([C@H](C=C(O1)C(=O)[O-])O)O,sc-215151,Hyaluronic acid disaccharide ?DiHA sodium salt,149368-06-9,378.104184
105,C(COC[C@@H]1[C@H]([C@@H]([C@H]([C@H](O1)OCCO)OCCO)OCCO)OCCO)O,sc-215159,Hydroxyethyl starch,9005-27-0,400.1944618
106,C[C@@H]([C@H]([C@H]([C@@H](CO)O)O)O)O,sc-215214,L-Fucitol,13074-06-1,166.0841235
107,C([C@@H]1[C@H]([C@@H]([C@H]([C@H](O1)O[C@@H]2[C@H](O[C@H]([C@@H]([C@H]2O)O)O)CO)O)O)O)O,sc-215288,Maltose solution,69-79-4,342.1162115
108,[C@H]1([C@H](C([C@H]([C@@H](C1O)OP(=O)(O)O)OP(=O)(O)O)O)OP(=O)(O)O)OP(=O)(O)O,sc-215403,"myo-Inositol 1,3,4,6-tetrakis-phosphate ammonium salt",142507-74-2,499.9287102
109,[C@@H]1([C@H]([C@H](O[C@@H]([C@@H]1O)O[C@@H]2[C@@H]([C@H]([C@H](O[C@@H]2C(=O)[O-])O[C@@H]3[C@@H]([C@H]([C@H](O[C@@H]3C(=O)[O-])O)O)O)O)O)C(=O)[O-])O)O,sc-215729,Polygalacturonic acid sodium salt,9049-37-0,543.0849993
110,C=CC/C(=N\OS(=O)(=O)[O-])/S[C@H]1[C@@H]([C@H]([C@@H]([C@H](O1)CO)O)O)O,sc-215856B,(-)-Sinigrin,3952-98-5,358.0271967
111,C([C@@H]1[C@H]([C@@H]([C@H]([C@@H](O1)[S-])O)O)O)O,sc-216128A,1-Thio-ß-D-glucose sodium salt,10593-29-0,195.033268
112,CC(=O)N[C@@H]1[C@H]([C@@H]([C@H](OC1O)CO[C@H]2[C@@H]([C@H]([C@H]([C@H](O2)CO)O)O)O)O)O,sc-216163,2-Acetamido-2-deoxy-6-O-(ß-D-galactopyranosyl)-D-glucopyranose,50787-10-5,383.1427606
113,C1=CC=C(C=C1)COC[C@@H]2[C@H]([C@@H]([C@@H](O2)O)OCC3=CC=CC=C3)OCC4=CC=CC=C4,sc-216272,"2,3,5-Tri-O-benzyl-beta-D-arabinofuranose",60933-68-8,420.193674
114,C([C@@H]1[C@H]([C@@H]([C@@H]([C@H](O1)O[C@H]2[C@@H]([C@H](OC([C@H]2O)O)CO)O)O)O)O)O,sc-216644,3alpha-Mannobiose,23745-85-9,342.1162115
115,C[C@H]1C[C@@H]([C@H](C(O1)O)O)O,sc-216822,4-Deoxy-L-fucose,61244-62-0,148.0735589
116,C([C@@H]1[C@H]([C@H](C(O1)OP(=O)([O-])OP(=O)([O-])[O-])O)O)OP(=O)(O)[O-],sc-217240B,5-Phospho-D-ribose 1-diphosphate pentasodium salt,108321-05-7,385.9227092
117,C[C@@H]([C@H]([C@H]([C@H](C=O)O)O)O)O,sc-217338,6-Deoxy-L-talose,7658-10-8,164.0684735
118,C([C@@H]1[C@H]([C@@H]([C@H]([C@H](O1)OP(=O)(O)O)O)O)O)OP(=O)(O)O,sc-217542,"alpha-D-Glucose 1,6-bisphosphate tetra(cyclohexylammonium) salt",71662-13-0,339.9960491
119,C([C@@H]1[C@H]([C@@H]([C@H]([C@@H](O1)O[C@@H]2[C@H](O[C@H]([C@@H]([C@H]2O)O)O[C@@H]3[C@H](OC([C@@H]([C@H]3O)O)O)CO)CO)O)O)O)O,sc-218006,D-(+)-Cellotriose,33404-34-1,504.1690349
120,C([C@H]([C@@H]([C@@H]([C@@H](C=O)O)O)O)O)O,sc-218008,D-(+)-Talose,2595-98-4,180.0633881
121,C([C@H]([C@H]([C@H]([C@H](C=O)O)O)O)O)O,sc-218012,D-Allose,2595-97-3,180.0633881
122,C([C@H]([C@H]([C@H]([C@@H]([C@@H](C=O)O)O)O)O)O)O,sc-218027,D-Glycero-D-mannoheptose,1961-73-5,210.0739528
123,C([C@H]([C@H]([C@H](C=O)O)O)O)OP(=O)([O-])[O-],sc-218036,D-Ribose 5-phosphate barium salt hexahydrate,15673-79-7,228.004601
124,C(C1C(C(C(C(O1)OCC2C(C(C(C(O2)OCC(C(C(C(C=O)O)O)O)O)O)O)O)O)O)O)O,sc-218165,Dextran,9004-54-0,504.1690349
125,C([C@H]([C@@H]([C@@H]([C@H](CO)O)O)O)O)O,sc-218279,Dulcitol,608-66-2,182.0790382
126,C([C@@H]1[C@H]([C@@H]([C@H]([C@H](O1)O[C@@H](C=O)[C@H]([C@@H]([C@@H](CO)O)O)O)O)O)O)O,sc-218616,Kojibiose,2140-29-6,342.1162115
127,C([C@@H]([C@@H]([C@H]([C@H](C=O)O)O)O)O)O,sc-218620,L-(-)-Mannose,10030-80-5,180.0633881
128,C[C@H]1[C@H]([C@H]([C@@H]([C@H](O1)OP(=O)(O)O)O)O)O,sc-218639,beta-L-Fucose 1-phosphate bis(cyclohexylammonium) salt,28553-11-9,244.034804
129,C([C@@H]([C@H]1[C@H]([C@H](C(=O)O1)O)O)O)O,sc-218645A,L-Mannonic acid ?-lactone,22430-23-5,178.047738
130,C([C@@H]1[C@H]([C@@H]([C@H]([C@H](O1)O[C@@H]2[C@H](O[C@@H]([C@@H]([C@H]2O)O)O[C@H]([C@@H](CO)O)[C@@H]([C@H](CO)O)O)CO)O)O)O)O,sc-218668,Maltotriitol,32860-62-1,506.184685
131,CO[C@@H]1[C@H]2[C@H](O2)[C@H]3[C@H](O1)COC(O3)C4=CC=CC=C4,sc-218741,"Methyl 2,3-anhydro-4,6-O-benzylidene-alpha-D-allopyranoside",3150-15-0,264.0997736
132,CC(=O)N[C@@H]1[C@H]([C@@H]([C@H](O[C@H]1O[C@@H]2[C@H](OC([C@@H]([C@H]2O)NC(=O)C)O)CO)CO)O)O,sc-219291,"N,Nprime-Diacetylchitobiose",35061-50-8,424.1693097
133,C([C@@H]1[C@H]([C@@H]([C@H](O1)CO)O)O)N,sc-220459,"1-Amino-2,5-anhydro-1-deoxy-D-mannitol",228862-97-3,163.0844579
134,CC(=O)O[C@H]1[C@@H]([C@@H]([C@H](O1)COC(=O)C2=CC=CC=C2)OC(=O)C3=CC=CC=C3)OC(=O)C4=CC=CC=C4,sc-220477,"1-O-Acetyl-2,3,5-tri-O-benzoyl-beta-D-ribofuranose",6974-32-9,504.1420323
135,CC1(O[C@@H]2[C@H]([C@H](O[C@@H]2O1)CO)O)C,sc-220526,"1,2-O-Isopropylidene-alpha-D-xylofuranose",20031-21-4,190.0841235
136,CC(=O)O[C@H]1[C@@H]([C@H](O[C@H]([C@@H]1OC(=O)C)OC(=O)C)C(=O)O)OC(=O)C,sc-220534,"1,2,3,4-Tetra-O-acetyl-beta-D-glucuronic Acid",62133-77-1,362.0849114
137,C[C@H]1[C@H]([C@H]([C@@H](C(O1)OC(=O)C)OC(=O)C)OC(=O)C)OC(=O)C,sc-220535,"1,2,3,4-Tetra-O-acetyl-L-fucopyranose",24332-95-4,332.1107322
138,CC(=O)OC[C@@H]1[C@H]([C@@H]([C@@H](C(O1)OC(=O)C)OC(=O)C)OC(=O)C)OC(=O)C,sc-220536,"1,2,3,4,6-Penta-O-acetyl-D-mannopyranose",25941-03-1,390.1162115
139,CC(=O)OC[C@@H]1[C@@H]([C@@H]([C@H]([C@H](O1)OC(=O)C)O)OC(=O)C)OC(=O)C,sc-220550,"1,3,4,6-Tetra-O-acetyl-alpha-D-galactopyranose",19186-40-4,348.1056468
140,C1[C@@H]([C@H]([C@H](O1)[C@@H](CO)O)O)O,sc-220552,"1,4-Anhydro-D-sorbitol",27299-12-3,164.0684735
141,C1[C@@H]([C@H]([C@H]2[C@H](O1)COC(O2)C3=CC=CC=C3)O)O,sc-220556,"1,5-Anhydro-4,6-O-benzylidene-D-glucitol",65190-39-8,252.0997736
142,C1[C@H]([C@H]([C@@H]([C@H](O1)CO)O)O)O,sc-220557,"1,5-Anhydro-D-mannitol",492-93-3,164.0684735
143,C1[C@@H]2[C@H]([C@@H]([C@H]([C@H](O1)O2)O)O)O,sc-220561,"1,6-Anhydro-beta-D-glucopyranose",498-07-7,162.0528234
144,CC(=O)O[C@@H]1[C@H]2CO[C@H](O2)[C@@H]([C@H]1OC(=O)C)OC(=O)C,sc-220562,"1,6-Anhydro-beta-D-glucopyranose 2,3,4-triacetate",13242-55-2,288.0845175
145,C1[C@@H]2[C@H]([C@@H]([C@@H]([C@H](O1)O2)O)O)O,sc-220563,"1,6-Anhydro-beta-D-mannopyranose",14168-65-1,162.0528234
146,CC1=CC=C(C=C1)S(=O)(=O)O[C@@H]2[C@H]3CO[C@H](O3)[C@@H]([C@H]2O)O,sc-220570,"1,6-Anhydro-4-O-p-toluenesulfonyl-beta-D-glucopyranose",23643-29-0,316.0616739
147,CC(=O)N[C@@H](C=O)[C@H]([C@H]([C@@H](CO)O)O)O[C@H]1[C@@H]([C@H]([C@H]([C@H](O1)CO)O)O)O,sc-220672,2-Acetamido-2-deoxy-3-O-(beta-D-galactopyranosyl)-D-galactose,3554-90-3,383.1427606
148,CC(=O)N[C@@H]1[C@H]([C@H]([C@H](OC1O)CO)O)O[C@@H]2[C@@H]([C@H]([C@H]([C@H](O2)CO)O)O)O,sc-220674,2-Acetamido-2-deoxy-3-O-(alpha-D-galactopyranosyl)-D-galactose,60283-31-0,383.1427606
149,C[C@H]1[C@H]([C@H]([C@@H]([C@@H](O1)O[C@@H]2[C@H](OC([C@@H]([C@H]2O)NC(=O)C)O)CO)O)O)O,sc-220677,2-Acetamido-2-deoxy-4-O-(alpha-L-fucopyranosyl)-D-glucopyranose,76211-71-7,367.147846
150,CC(=O)N[C@@H]1[C@H]([C@H]([C@H](OC1O)CO[C@H]2[C@@H]([C@H]([C@H]([C@H](O2)CO)O)O)O)O)O,sc-220678,2-Acetamido-2-deoxy-6-O-(beta-D-galactopyranosyl)-D-galactopyranose,209977-51-5,383.1427606
151,C[C@H]1[C@H]([C@H]([C@@H]([C@@H](O1)OC[C@@H]2[C@H]([C@@H]([C@H](C(O2)O)NC(=O)C)O)O)O)O)O,sc-220679,2-Acetamido-2-deoxy-6-O-(alpha-L-fucopyranosyl)-D-glucopyranose,33639-80-4,367.147846
152,CC(=O)N[C@@H]1[C@H]([C@@H](OC1=O)[C@@H](CO)O)O,sc-220680,"2-Acetamido-2-deoxy-D-galactono-1,4-lactone",28876-38-2,219.0742871
153,CC(=O)N[C@@H]1[C@H]([C@H]([C@H](OC1OC(=O)C)COC(=O)C)OC(=O)C)OC(=O)C,sc-220681,"2-Acetamido-2-deoxy-D-galactopyranose-1,3,4,6-tetra-O-acetate",76375-60-5,389.1321959
154,CC(=O)N[C@@H]\1[C@H]([C@@H]([C@H](O/C1=N\O)CO)O)O,sc-220682,"2-Acetamido-2-deoxy-D-gluconhydroximo-1,5-lactone",132152-76-2,234.0851862
155,CC(=O)N[C@@H]\1[C@H]([C@@H]([C@H](O/C1=N/OC(=O)C)COC(=O)C)OC(=O)C)OC(=O)C,sc-220683,"2-Acetamido-2-deoxy-D-gluconhydroximo-1,5-lactone 1,3,4,6-tetraacetate",132152-77-3,402.1274449
156,CC(=O)N[C@@H]1[C@H]([C@@H]([C@H](OC1=O)CO)O)O,sc-220684,"2-Acetamido-2-deoxy-D-glucono-1,5-lactone",19026-22-3,219.0742871
157,CC(=O)N[C@@H]1[C@H]([C@@H]([C@H](O[C@@H]1O)CO)F)O,sc-220686,"2-Acetamido-2,4-dideoxy-4-fluoro-alpha-D-glucopyranose",129728-87-6,223.0856008
158,CC(=O)N[C@@H]1[C@H]([C@@H]([C@H](OC1OC(=O)C)COC(=O)C)F)OC(=O)C,sc-220688,"2-Acetamido-4-fluoro-1,3,6-tri-O-acetyl-2,4-dideoxy-D-glucopyranose",116049-57-1,349.1172948
159,CC(=O)N[C@@H]1[C@H]([C@H]2[C@@H](COC(O2)C3=CC=CC=C3)OC1O)O,sc-220690,"2-Acetamido-4,6-O-benzylidene-2-deoxy-D-glucopyranose",29776-43-0,309.1212373
160,CC(=O)N[C@@H]1[C@H]([C@@H]([C@H](O[C@H]1NC(=O)CCCCCN)CO)O)O,sc-220692,2-Acetamido-N-(e-aminocaproyl)-2-deoxy-beta-D-glucopyranosylamine,112898-10-9,333.1899856
161,C[C@]1([C@@H]([C@H](OC1=O)CO)O)O,sc-220708,"2-C-Methyl-D-ribono-1,4-lactone",492-30-8,162.0528234
162,C1=CC(=C(C=C1[N+](=O)[O-])Cl)O[C@@H]2[C@@H]([C@H]([C@@H]([C@H](O2)CO)O)O)O,sc-220716,2-Chloro-4-nitrophenyl-alpha-D-glucopyranoside,119047-14-2,335.0407941
163,C([C@H]([C@H]([C@@H]([C@H](C=O)F)O)O)O)O,sc-220725A,2-Deoxy-2-fluoro-D-glucose,29702-43-0,182.0590517
164,C1=CC=C(C=C1)C(=O)OC[C@@H]2[C@H](C(C(=O)O2)(F)F)OC(=O)C3=CC=CC=C3,sc-220730,"2-Deoxy-2,2-difluoro-D-erythro-pentofuranos-1-ulose-3,5-dibenzoate",122111-01-7,376.0758446
165,C1=CC=C(C=C1)C(=O)OC[C@@H]2[C@H](C(C(O2)O)(F)F)OC(=O)C3=CC=CC=C3,sc-220731,"2-Deoxy-2,2-difluoro-D-erythro-ribofuranose-3,5-dibenzoate",143157-22-6,378.0914947
166,CC1=CC=C(C=C1)C(=O)OC[C@H]2[C@@H](CC(O2)Cl)OC(=O)C3=CC=C(C=C3)C,sc-220732,"2-Deoxy-3,5-di-O-p-toluoyl-alpha-L-ribofuranosyl Chloride",141846-57-3,388.1077515
167,CC1=CC=C(C=C1)C(=O)OC[C@@H]2[C@H](CC(O2)Cl)OC(=O)C3=CC=C(C=C3)C,sc-220733,"2-Deoxy-3,5-di-O-p-toluoyl-D-ribofuranosyl Chloride",3601-89-6,388.1077515
168,C(C=O)C(C(C(COP(=O)(O)O)O)O)O,sc-220734,2-Deoxy-D-glucose 6-phosphate sodium salt,33068-19-8,244.034804
169,C1[C@H]([C@@H](C([C@@H]([C@H]1N)O)O)O)N,sc-220736,"2-Deoxystreptamine, Dihydrobromide",2037-48-1,162.1004423
170,C1=NC2=C(N=C(N=C2N1[C@H]3[C@@H]([C@@H]([C@H](O3)CO)O)O)I)N,sc-220743,2-Iodo Adenosine,35109-88-7,392.9934019
171,C([C@H]([C@H]([C@@H](C(=O)C=O)O)O)O)O,sc-220745,2-Keto-D-Glucose,1854-25-7,178.047738
172,C([C@@H]1[C@H]([C@@H]([C@H]([C@H](O1)O[C@@H](C=O)[C@H]([C@H]([C@@H](CO)O)O)O)O)O)O)O,sc-220754,2-O-(alpha-D-Glucopyranosyl)-D-galactose,7368-73-2,342.1162115
173,C[C@H]1[C@H]([C@H]([C@@H]([C@@H](O1)O[C@@H](C=O)[C@H]([C@H]([C@@H](CO)O)O)O)O)O)O,sc-220755,2-O-a-L-Fucopyranosyl-D-galactose,24656-24-4,326.1212969
174,CC(=O)OC[C@@H]1[C@H]([C@@H]([C@@H]([C@H](O1)OC(=O)C)OCC2=CC=CC=C2)OC(=O)C)OC(=O)C,sc-220756,"2-O-Benzyl-1,3,4,6-tetra-O-acetyl-alpha-D-mannopyranose",80779-87-9,438.152597
175,CC(=O)N[C@@H]1[C@H](C[C@](O[C@H]1[C@@H]([C@@H](CO)O)O)(C(=O)O)OC)O,sc-220759,2-O-Methyl-beta-D-N-acetylneuraminic Acid,23755-35-3,323.1216313
176,CC(=O)N[C@@H]1[C@H](C[C@](O[C@H]1[C@@H]([C@@H](CO)O)O)(C(=O)OC)OC)O,sc-220760,"2-O-Methyl-beta-D-N-acetylneuraminic Acid, Methyl Ester",6730-43-4,337.1372813
177,C(C1[C@H](C2[C@H]([C@H](O1)O)OC(=O)O2)O)O,sc-220774,"2,3-O-Carbonyl-alpha-D-mannopyranose",76548-27-1,206.0426527
178,CC1(O[C@H]2[C@@H]([C@@H](O[C@]2(O1)CO)CO)O)C,sc-220776,"2,3-O-Isopropylidene-alpha-L-sorbofuranose",17682-71-2,220.0946882
179,CC(=O)O[C@H]1[C@@H]([C@H](O[C@@H]([C@@H]1OC(=O)C)OC(=N)C(Cl)(Cl)Cl)C(=O)OC)OC(=O)C,sc-220780,"2,3,4-Tri-O-acetyl-a-D-glucuronic Acid Methyl Ester, Trichloroacetimidate",92420-89-8,476.9996288
180,C[C@H]1[C@H]([C@H]([C@@H](C(O1)O)OCC2=CC=CC=C2)OCC3=CC=CC=C3)OCC4=CC=CC=C4,sc-220781,"2,3,4,-Tri-O-benzyl-L-fucopyranose",60431-34-7,434.2093241
181,C1=CC=C(C=C1)COCC2C(C(C(C(O2)O)OCC3=CC=CC=C3)OCC4=CC=CC=C4)OCC5=CC=CC=C5,sc-220784,"2,3,4,6-Tetra-O-benzyl-D-mannopyranose",61330-61-8,540.2511889
182,C1CCC2(CC1)OCC3C(O2)C4C(C(O3)O)OC5(O4)CCCCC5,sc-220789,"2,3:4,6-Di-o-cyclohexylidene-alpha-D-mannopyranose",70835-78-8,340.1885886
183,CC1(OC[C@H](O1)[C@@H]2[C@H]3[C@@H](C(=O)O2)OC(O3)(C)C)C,sc-220791,"2,3:5,6-Di-O-isopropylidene-L-gulonolactone",7306-64-1,258.1103383
184,C([C@@H]1[C@H]([C@@H]([C@@H](N1)CO)O)O)O,sc-220802,"2,5-Anhydro-2,5-imino-D-glucitol",132295-44-4,163.0844579
185,C([C@@H]1[C@H]([C@@H]([C@H](N1)CO)O)O)O,sc-220803,"2,5-Anhydro-2,5-imino-D-mannitol",59920-31-9,163.0844579
186,C([C@@H]1[C@H]([C@@H]([C@@H](O1)CO)O)O)O,sc-220804,"2,5-Anhydro-D-glucitol",27826-73-9,164.0684735
187,C([C@@H]1[C@H]([C@@H]([C@@H](O1)COP(=O)(O)O)O)O)OP(=O)(O)O,sc-220805,"2,5-Anhydro-D-glucitol-1,6-diphosphate",4429-47-4,324.0011345
188,C([C@@H]1[C@H]([C@@H]([C@H](O1)CO)O)O)O,sc-220807A,"2,5-Anhydro-D-mannitol",41107-82-8,164.0684735
189,C([C@@H]1[C@H]([C@@H]([C@H](O1)COP(=O)([O-])[O-])O)O)OP(=O)([O-])[O-],sc-220808,"2,5-Anhydro-D-mannitol-1,6-diphosphate Dibarium Salt",352000-03-4,319.9720287
190,C([C@@H]1[C@H]([C@@H]([C@H](O1)C=O)O)O)O,sc-220809,"2,5-Anhydro-D-mannose",495-75-0,162.0528234
191,C[C@]1([C@@H]([C@H](O[C@H]1N2C=NC3=C2N=C(NC3=O)N)CO)O)O,sc-220815,2'-C-ß-Methyl Guanosine,374750-30-8,297.1073186
192,CO[C@@H]1[C@@H]([C@H](O[C@H]1N2C=NC3=C2N=C(NC3=O)N)CO)O,sc-220822,2'-O-Methyl Guanosine,2140-71-8,297.1073186
193,CO[C@@H]1[C@@H]([C@H](O[C@H]1N2C=CC(=O)NC2=O)CO)O,sc-220823,2prime-O-Methyl Uridine,2140-76-3,258.0851862
194,CC1(OCC(O1)[C@@H]2C[C@@H]3[C@H](O2)OC(O3)(C)C)C,sc-220859,"3-Deoxy-1,2:5,6-di-O-isopropylidene-alpha-D-glucofuranose",2774-29-0,244.1310737
195,C([C@H]([C@H]([C@@H]([C@@H](C=O)O)F)O)O)O,sc-220860,3-Deoxy-3-fluoro-D-mannose,87764-46-3,182.0590517
196,C([C@H](C=O)O)[C@@H]([C@@H](CO)O)O,sc-220862,3-Deoxy-D-glucose,2490-91-7,164.0684735
197,C1[C@@H]([C@H]([C@@H](OC1(C(=O)O)O)[C@@H]([C@@H](CO)O)O)O)O,sc-220863A,3-Deoxy-D-glycero-D-galacto-2-nonulosonic Acid,153666-19-4,268.0794321
198,C1C(C(C(OC1(C(=O)O)O)C(CO)O)O)O,sc-220864,"3-Deoxy-D-manno-2-octulosonic Acid, Ammonium Salt",103404-70-2,238.0688674
199,C([C@@H]([C@@H](CO)O)O)C(=O)C=O,sc-220865A,3-Deoxyglucosone,4084-27-9,162.0528234
200,C([C@H]([C@H]([C@@H]([C@H](C=O)O)F)O)O)O,sc-220867,3-Fluoro-3-deoxy-D-glucose,14049-03-7,182.0590517
201,C[C@H]1[C@H]([C@H]([C@@H]([C@@H](O1)O[C@H]2[C@@H]([C@H](OC([C@@H]2O)O)CO)O[C@H]3[C@@H]([C@H]([C@H]([C@H](O3)CO)O)O)O)O)O)O,sc-220868,3-Fucosyl-D-lactose,41312-47-4,488.1741203
202,C([C@@H]1[C@@H]([C@@H]([C@H]([C@H](O1)O[C@H]([C@H](C=O)O)[C@H]([C@@H](CO)O)O)O)O)O)O,sc-220874,3-O-(alpha-D-Galactopyranosyl)-D-galactose,13168-24-6,342.1162115
203,CC1(OCC(O1)C2C(C3C(O2)OC(O3)(C)C)OCC4=CC=CC=C4)C,sc-220878,"3-O-Benzyl-1,2:5,6-Di-O-isopropylidene-alpha-D-glucofuranose",18685-18-2,350.1729386
204,CO[C@H]1[C@@H]([C@H](O[C@@H]([C@@H]1O)O)CO)O,sc-220882,3-O-Methyl-D-glucopyranose,13224-94-7,194.0790382
205,C[C@H]1[C@@H]([C@H](C=CO1)OC(=O)C)OC(=O)C,sc-220887,"3,4-Di-O-acetyl-6-deoxy-L-glucal",34819-86-8,214.0841235
206,CC1(O[C@H]2[C@H]([C@@H]([C@H](O[C@H]2O1)COCC3=CC=CC=C3)OCC4=CC=CC=C4)OCC5=CC=CC=C5)OC,sc-220892,"3,4,6-Tri-O-benzyl-beta-D-mannopyranose 1,2-(Methyl Orthoacetate)",16697-49-7,506.2304534
207,C(C1C(C(C(C(O1)OCC2C(C(C(C(O2)O)O)OC3C(C(C(C(O3)CO)O)O)O)O)O)O)O)O,sc-220897,"3,6-Di-O-(alpha-D-mannopyranosyl)-D-mannopyrannose",121123-33-9,504.1690349
208,CC1=CN(C(=O)NC1=O)[C@H]2C[C@@H]([C@H](O2)CO)F,sc-220902,3prime-Deoxy-3prime-fluorothymidine,25526-93-6,244.0859351
209,C1[C@H](O[C@H]([C@@H]1O)N2C=CC(=O)NC2=O)CO,sc-220905,3'-Deoxyuridine,7057-27-4,228.0746215
210,CC(=O)NC1=CC=C(C=C1)O[C@H]2[C@@H]([C@H]([C@@H]([C@H](O2)C(=O)OC)O)O)O,sc-220920,4-Acetamidophenyl beta-D-Glucuronic Acid Methyl Ester,570394-17-1,341.1110666
211,CC(=O)N[C@@H]1C=C(O[C@@H]([C@@H]1O)[C@@H]([C@@H](CO)O)O)C(=O)O,sc-220922,"4-Acetylamino-Kdn2en, iso-Neu4Ac2en",263155-11-9,291.0954165
212,C1=CC(=CC=C1N)O[C@@H]2[C@H]([C@H]([C@@H]([C@H](O2)CO)O)O)O,sc-220930,4-Aminophenyl alpha-D-mannopyranoside,34213-86-0,271.1055873
213,C1CCC(C1)C2=C(C=CC(=C2)Cl)O[C@H]3[C@@H]([C@H]([C@H]([C@H](O3)CO)O)O)O,sc-220932,4-Chloro-2-cyclopentylphenyl-ß-D-galactopyranoside,24718-43-2,358.1183161
214,C([C@H]([C@H]([C@@H]([C@@H](C=O)O)O)F)O)O,sc-220936,4-Deoxy-4-fluoro-D-mannose,87764-47-4,182.0590517
215,CC1=CC(=O)OC2=C1C=CC(=C2)O[C@H]3[C@@H]([C@H]([C@H]([C@H](O3)COS(=O)(=O)[O-])O)O)O,sc-220946,4-Methylumbelliferyl beta-D-Galactopyranoside-6-sulfate Sodium Salt,206443-06-3,417.0497059
216,CC1=CC(=O)OC2=C1C=CC(=C2)O[C@H]3[C@@H]([C@H]([C@@H]([C@@H](O3)C(=O)O)O)O)O,sc-220961A,"4-Methylumbelliferyl a-L-Idopyranosiduronic Acid, Cyclohexylammonium Salt",66895-33-8,352.0794321
217,CC1=CC(=O)OC2=C1C=CC(=C2)O[C@@H]3[C@@H]([C@H]([C@H]([C@H](O3)CO)O)O[C@H]4[C@@H]([C@H]([C@H]([C@H](O4)CO)O)O)O)NC(=O)C,sc-220962,4-Methylumbelliferyl alpha-T-antigen,210357-36-1,541.1795401
218,C1=CC(=CC=C1[N+](=O)[O-])O[C@H]2[C@@H]([C@H]([C@H]([C@H](O2)CO)O)O)O,sc-220969,4-Nitrophenyl beta-D-galactopyranoside,3150-24-1,301.0797664
219,C1=CC(=CC=C1[N+](=O)[O-])O[C@H]2[C@H]([C@H]([C@@H]([C@H](O2)CO)O)O)O,sc-220972,4-Nitrophenyl beta-D-mannopyranoside,35599-02-1,301.0797664
220,C[C@H]1[C@H]([C@H]([C@@H]([C@@H](O1)O[C@@H]2[C@H]([C@H]([C@H](O[C@@H]2OC3=CC=C(C=C3)[N+](=O)[O-])CO)O)O)O)O)O,sc-220975,4-Nitrophenyl 2-O-(alpha-L-Fucopyranosyl)-alpha-D-galactopyranoside,383417-46-7,447.1376752
221,CO[C@@H]1[C@H]([C@H]([C@H](O[C@H]1O[C@@H]2[C@H](OC([C@@H]([C@H]2O)O)O)CO)CO)O)O,sc-220987,4-O-(2-O-Methyl-beta-D-galactopyranosyl)-D-glucopyranose,77667-98-2,356.1318616
222,C([C@@H]1[C@@H]([C@@H]([C@H]([C@H](O1)O[C@H]2[C@H](OC([C@@H]([C@H]2O)O)O)CO)O)O)O)O,sc-220988,4-O-(a-D-Galactopyranosyl)-D-galactose,80446-85-1,342.1162115
223,C([C@@H]1[C@@H]([C@@H]([C@H]([C@@H](O1)O[C@@H]2[C@H](O[C@@H]([C@H]([C@H]2O)O)O)CO)O)O)O)O,sc-220989,4-O-beta-Galactopyranosyl-D-mannopyranose,20869-27-6,342.1162115
224,C1=NC(=NC(=O)N1[C@H]2[C@@H]([C@@H]([C@H](O2)CO)O)O)N,sc-221003,5-Azacytidine,320-67-2,244.0807695
225,CC(=O)N[C@@H]1[C@H]([C@H]([C@H](O[C@@H]1OC2=CNC3=C2C(=C(C=C3)Br)Cl)CO)O)O,sc-221010,5-Bromo-4-chloro-3-indolyl 2-acetamido-2-deoxy-a-D-galactopyranoside,210110-89-7,448.0036761
226,C1=C(C(=NC(=O)N1[C@H]2[C@H]([C@@H]([C@H](O2)CO)O)O)N)Cl,sc-221020,5-Chlorocytosine arabinoside,17676-65-2,277.0465482
227,C[C@@H]([C@@H]([C@H](C=O)O)O)O,sc-221023,5-Deoxy-L-arabinose,13039-56-0,134.0579088
228,C([C@H]([C@H]([C@@H]([C@H](C=O)O)O)O)S)O,sc-221044A,5-Thio-D-glucose,20408-97-3,196.0405445
229,CC1(OC[C@H](O1)[C@@H]2[C@@H]([C@@H](C(=O)O2)O)O)C,sc-221050,"5,6-O-Isopropylidene-L-gulono-1,4-lactone",94697-68-4,218.0790382
230,C([C@H]([C@H]([C@@H]([C@H](C=O)O)O)O)O)N,sc-221081,6-Amino-6-deoxy-D-glucose Hydrochloride,55324-97-5,179.0793725
231,C1=CC2=C(C=CC(=C2)Br)C=C1O[C@@H]3[C@@H]([C@H]([C@H]([C@H](O3)CO)O)O)O,sc-221088,6-Bromo-2-naphthyl-alpha-D-galactopyranoside,25997-59-5,384.0208504
232,C1=CN(C2=C1C(=NC=N2)Cl)[C@H]3[C@@H]([C@@H]([C@H](O3)CO)O)O,sc-221096,6-Chloro-7-deazapurine-beta-D-riboside,16754-80-6,285.0516335
233,C[C@H]([C@H]([C@@H]([C@H](C=O)O)O)O)O,sc-221100,6-Deoxy-D-glucose,7658-08-4,164.0684735
234,CN(C)C1=NC=NC2=C1N=CN2[C@H]3[C@@H]([C@@H]([C@H](O3)CO)O)O,sc-221101,6-Dimethylaminopurine-9-riboside,2620-62-4,295.128054
235,COC(=O)CCCCCCCCO[C@H]1[C@@H]([C@H]([C@@H]([C@H](O1)CO)O)O)N2C(=O)C3=CC=CC=C3C2=O,sc-221149,8-Methoxycarbonyloctyl-2-deoxy-2-phthalimido-beta-D-glucopyranoside,106445-25-4,479.2155316
236,C1=CC(=CC=C1N=C=S)O[C@@H]2[C@@H]([C@H]([C@H]([C@H](O2)CO)O)O)O,sc-221179,a-D-Galactopyranosylphenyl isothiocyanate,120967-92-2,313.0620082
237,C([C@@H]1[C@H]([C@@H]([C@H]([C@H](O1)OP(=O)([O-])[O-])O)O)O)O,sc-221180,alpha-D-Glucose 1-phosphate disodium salt,56401-20-8,258.0151657
238,CC(=O)OC[C@@H]1[C@H]([C@@H]([C@H]([C@H](O1)OC(=O)C)OC(=O)C)OC(=O)C)OC(=O)C,sc-221182,alpha-D-Glucose Pentaacetate,604-68-2,390.1162115
239,C1=CC(=CC=C1N=C=S)O[C@@H]2[C@H]([C@H]([C@@H]([C@H](O2)CO)O)O)O,sc-221184,alpha-D-Mannopyranosylphenyl isothiocyanate,96345-79-8,313.0620082
240,CC(=O)OCC1C(C(C(C(O1)OC(=O)C)OC(=O)C)OC(=O)C)OC(=O)C,sc-221187,"alpha-L-Idopyranose, Pentaacetate",2152-77-4,390.1162115
241,CC(=O)O[C@H]1[C@@H]([C@H](O[C@@H]([C@@H]1OC(=O)C)Br)C(=O)OC)OC(=O)C,sc-221200,Acetobromo-alpha-D-glucuronic acid methyl ester,21085-72-3,396.0055942
242,CC(=O)OC[C@@H]1[C@H]([C@@H]([C@@H]([C@H](O1)Cl)OC(=O)C)OC(=O)C)OC(=O)C,sc-221202,Acetochloro-a-D-mannose,14257-40-0,366.0717599
243,C=CCO[C@@H]1[C@@H]([C@H]([C@H]([C@H](O1)CO)O)O)O,sc-221238,Allyl a-D-Galactopyranoside,48149-72-0,220.0946882
244,C=CCO[C@@H]1[C@@H]([C@H]([C@@H]([C@H](O1)CO)O)O)O,sc-221239,Allyl alpha-D-Glucopyranoside,7464-56-4,220.0946882
245,C1=CC(=CC=C1O)O[C@H]2[C@@H]([C@H]([C@@H]([C@H](O2)CO)O)O)O,sc-221267,Arbutin,497-76-7,272.0896029
246,CC(=O)N[C@@H]1[C@H]([C@@H]([C@H](O[C@H]1OCC2=CC=CC=C2)CO)O)O,sc-221296,Benzyl 2-Acetamido-2-deoxy-beta-D-glucopyranoside,13343-67-4,311.1368874
247,CC(=O)N[C@@H]1[C@H]([C@@H]([C@H](O[C@@H]1OCC2=CC=CC=C2)CO)O)O,sc-221304,Benzyl 2-Acetamido-2-deoxy-alpha-D-glucopyranoside,13343-62-9,311.1368874
248,CC(=O)N[C@@H]1[C@H]([C@H]([C@H](O[C@@H]1OCC2=CC=CC=C2)COC(=O)C3=CC=CC=C3)O)OC(=O)C4=CC=CC=C4,sc-221311,"Benzyl 2-Acetamido-3,6-di-O-benzoyl-2-deoxy-alpha-D-galactopyranoside",141019-70-7,519.1893169
249,CC(=O)N[C@@H]1[C@H]([C@H]2[C@@H](COC(O2)C3=CC=CC=C3)O[C@@H]1OCC4=CC=CC=C4)O,sc-221315,"Benzyl 2-Acetamido-4,6-O-benzylidene-2-deoxy-a-D-glucopyranoside",13343-63-0,399.1681875
250,C1=CC=C(C=C1)CO[C@@H]2[C@H]([C@H]([C@@H]([C@H](O2)CO)O)N)O,sc-221333,Benzyl 3-Amino-3-deoxy-alpha-D-mannopyranoside Hydrochloride,172838-30-1,269.1263227
251,C[C@H](C(=O)O)O[C@@H]1[C@H]([C@H](O[C@H]2[C@H]1OC(OC2)C3=CC=CC=C3)OCC4=CC=CC=C4)NC(=O)C,sc-221347,"Benzyl N-acetyl-4,6-O-benzylidenemuramic acid",3/5/2862,471.1893169
252,C([C@H]([C@H]([C@@H]([C@H](C(=O)[O-])O)O)O)O)O,sc-221393,Calcium D-gluconate,299-28-5,195.0510263
253,C1[C@@H]2[C@H]([C@@H]([C@H]([C@H](O1)O2)O)O)O[C@H]3[C@@H]([C@H]([C@@H]([C@H](O3)CO)O)O)O,sc-221413,Cellobiosan,35405-71-1,324.1056468
254,CC(=O)OC[C@@H]1[C@@H]([C@@H]([C@H]([C@@H](O1)SCC#N)OC(=O)C)OC(=O)C)OC(=O)C,sc-221446,"Cyanomethyl 2,3,4,6-tetra-O-acetyl-1-thio-beta-D-galactopyranoside",61145-33-3,403.0937023
255,C1=CN(C(=O)N=C1N)[C@H]2[C@@H]([C@@H]([C@H](O2)CO)O)O,sc-221450,Cytidine,65-46-3,243.0855205
256,C([C@H]([C@H](C=O)O)O)O,sc-221455,D-(-)-Erythrose,583-50-6,120.0422587
257,C([C@H]([C@H]([C@@H](C(=O)CO)O)O)O)O,sc-221456,D-(-)-Fructose,57-48-7,180.0633881
258,C1[C@H]([C@@H]([C@@H](C(O1)O)O)O)O,sc-221457,D-(-)-Lyxose,1114-34-7,150.0528234
259,C([C@H]([C@@H]([C@@H](C(=O)CO)O)O)O)O,sc-221459,D-(-)-Tagatose,87-81-0,180.0633881
260,C([C@H](C([C@@H](CO)O)O)O)O,sc-221460,D-(+)-Arabitol,488-82-4,152.0684735
261,C1[C@H]([C@H]([C@@H](C(O1)(CO)O)O[C@@H]2[C@@H]([C@H]([C@@H]([C@H](O2)CO)O)O)O)O)O,sc-221463,D-(+)-Turanose,547-25-1,342.1162115
262,C1[C@H]([C@@H]([C@H](C(O1)O)O)O)O,sc-221464,D-(+)-Xylose,58-86-6,150.0528234
263,C(C(C(C(C=O)O)O)O)OP(=O)(O)O,sc-221467,D-Arabinose 5-phosphate disodium salt,89927-09-3,230.0191539
264,C1(C(C(C(C(C1O)O)O)O)O)O,sc-221469A,D-chiro Inositol,643-12-9,180.0633881
265,C([C@H]([C@H]([C@@H](C(=O)COP(=O)(O)[O-])O)O)O)OP(=O)([O-])[O-],sc-221476,"D-Fructose 1,6-bisphosphate trisodium salt octahydrate",81028-91-3,336.9742198
266,C([C@@H]1[C@@H]([C@@H]([C@H]([C@H](O1)OC[C@@H]2[C@H]([C@@H]([C@@H]([C@@H](O2)O)O)O)O[C@H]3[C@H]([C@H]([C@@H]([C@H](O3)CO)O)O)O)O)O)O)O,sc-221478,D-Galacto-D-mannan from Ceratonia siliqua,11078-30-1,504.1690349
267,CC(=O)OC[C@@H]1[C@@H]([C@@H]([C@H](C(O1)OC(=O)C)OC(=O)C)OC(=O)C)OC(=O)C,sc-221479,D-Galactose Pentaacetate,25878-60-8,390.1162115
268,C1=CO[C@@H]([C@H]([C@@H]1O)O)CO,sc-221480,D-Glucal,13265-84-4,146.0579088
269,C([C@H]([C@H]([C@H]1[C@H]([C@H](C(=O)O1)O)O)O)O)O,sc-221482,"D-Glucoheptono-1,4-lactone",89-67-8,208.0583027
270,C1=CC(=CC=C1N=C=S)O[C@H]2[C@@H]([C@H]([C@@H]([C@H](O2)CO)O)O)O,sc-221484,beta-D-Glucopyranosylphenyl isothiocyanate,20581-41-3,313.0620082
271,C(C(C(C(C(C=O)N)O)O)O)OP(=O)(O)O,sc-221486,D-Glucosamine 6-phosphate sodium salt,70442-23-8,259.045703
272,C([C@H]([C@H]([C@@H]([C@H](C=O)O)O)O)O)OP(=O)([O-])[O-],sc-221488,D-Glucose 6-phosphate disodium salt,3671-99-6,258.0151657
273,C([C@H]([C@H]([C@@H]([C@H](C=O)O)O)O)O)OP(=O)(O)[O-],sc-221489,D-Glucose 6-phosphate sodium salt solution,54010-71-8,259.0224422
274,CC(=O)OC[C@@H]1[C@H]([C@@H]([C@H]([C@@H](O1)OC(=O)C)OC(=O)C)OC(=O)C)OC(=O)C,sc-221490,beta-D-Glucose Pentaacetate,604-69-3,390.1162115
275,C(=O)[C@@H]([C@@H]1[C@@H]([C@@H](C(=O)O1)O)O)O,sc-221492,"D-Glucurono-3,6-lactone",32449-92-6,176.032088
276,C([C@H]([C@H]1[C@H]([C@H](C(=O)O1)O)O)O)O,sc-221493,"D-Gulono-1,4-lactone",6322-07-2,178.047738
277,C([C@@H]1[C@@H]([C@@H]([C@H]([C@@H](O1)O[C@H]([C@@H](CO)O)[C@@H]([C@H](CO)O)O)O)O)O)O,sc-221494,D-Lactitol monohydrate,81025-04-9,344.1318616
278,C([C@@H]1[C@@H]([C@@H](C(=O)O1)O)O)O,sc-221496,"D-Lyxono-1,4-lactone",15384-34-6,148.0371734
279,C([C@H]([C@H]([C@@H]([C@@H](C(=O)CO)O)O)O)O)O,sc-221499A,D-Mannoheptulose,3615-44-9,210.0739528
280,C([C@H]([C@H]([C@@H]([C@@H](C=O)O)O)O)O)OP(=O)(O)[O-],sc-221501,D-Mannose 6-phosphate sodium salt,70442-25-0,259.0224422
281,C([C@H]([C@H]([C@H](C(=O)CO)O)O)O)O,sc-221516,D-Psicose,551-68-8,180.0633881
282,C([C@@H]1[C@H]([C@H](C(=O)O1)O)O)O,sc-221517,D-Ribonolactone,5336-08-3,148.0371734
283,C([C@H]([C@H]([C@H](C=O)O)O)O)OP(=O)([O-])[O-],sc-221519,D-Ribose 5-phosphate disodium salt dihydrate,207671-46-3,228.004601
284,C([C@H]([C@H](C(=O)CO)O)O)O,sc-221520,D-Ribulose,488-84-6,150.0528234
285,[C@H]1([C@H](C(=O)O[C@@H]1[C@@H](C(=O)O)O)O)O,sc-221521,"D-Saccharic acid 1,4-lactone monohydrate",61278-30-6,192.0270026
286,C([C@H]([C@@H](CO)O)O)O,sc-221522,D-Threitol,2418-52-2,122.0579088
287,C([C@H]([C@@H](C(=O)CO)O)O)O,sc-221524,D-Xylulose,551-84-8,150.0528234
288,C[C@H]([C@H]([C@H](CC=O)O)O)O,sc-221543,Digitoxose,527-52-6,148.0735589
289,CCSC1[C@H]([C@@H]([C@@H]([C@@H](O1)C)OCC2=CC=CC=C2)OCC3=CC=CC=C3)OCC4=CC=CC=C4,sc-221600,"Ethyl 2,3,4-Tri-O-benzyl-1-thio-alpha,beta-L-fucopyranoside",169532-17-6,478.2177806
290,CCS[C@@H]1[C@@H]([C@H]([C@@H]([C@H](O1)COC(=O)C)OC(=O)C)OC(=O)C)OC(=O)C,sc-221601,"Ethyl 2,3,4,6-Tetra-O-acetyl-beta-D-thioglucopyranoside",41670-79-5,392.1141033
291,CCS[C@@H]1[C@@H]([C@H]([C@H]([C@H](O1)COC(=O)C)OC(=O)C)OC(=O)C)OC(=O)C,sc-221602,"Ethyl 2,3,4,6-Tetra-O-acetyl-alpha-D-thiogalactopyranoside",126187-25-5,392.1141033
292,CCSC1C(C(C(C(O1)COC(=O)C)OC(=O)C)OC(=O)C)NC(=O)C,sc-221603,"Ethyl 3,4,6-Tri-O-acetyl-2-acetamido-2-deoxy-alpha-D-thioglucopyranoside",49810-41-5,391.1300878
293,CC(=O)N[C@@H]1[C@H]([C@@H]([C@H](O[C@H]1OC[C@@H]2[C@@H]([C@@H]([C@H](C(O2)O)O)O)O)CO)O[C@H]3[C@@H]([C@H]([C@H]([C@H](O3)CO)O)O)O)O,sc-221647,Gal1-beta-4GlcNAc1-beta-6Gal,20331-45-7,545.195584
294,CC(=O)N[C@@H]1[C@H]([C@@H]([C@H](O[C@H]1OC2=CC=C(C=C2)[N+](=O)[O-])CO)O[C@H]3[C@@H]([C@H]([C@H]([C@H](O3)CO)O)O)O)O,sc-221651,Gal1-b-4GlcNAc-b-PNP,74211-28-2,504.159139
295,C[C@@H]([C@H]([C@H]([C@@H](C=O)O)O)O)O,sc-221792,L-(-)-Fucose,2438-80-4,164.0684735
296,C([C@@H]([C@@H]([C@H]([C@@H](C=O)O)O)O)O)O,sc-221793,L-(-)-Glucose,921-60-8,180.0633881
297,C([C@@H]([C@@H]([C@H](C=O)O)O)O)O,sc-221794,L-(+)-Arabinose,5328-37-0,150.0528234
298,C([C@@H]([C@H]([C@@H]([C@@H](C=O)O)O)O)O)O,sc-221795,L-(+)-Gulose,6027-89-0,180.0633881
299,C([C@@H]([C@H]([C@H](C=O)O)O)O)O,sc-221796,L-(+)-Lyxose,1949-78-6,150.0528234
300,C([C@@H]([C@H](C=O)O)O)O,sc-221798,L-(+)-Threose,95-44-3,120.0422587
301,CC1C(C(C(C(O1)N)O)O)O,sc-221803,ß-L-Fucopyranosylamine,103419-79-0,163.0844579
302,C(=O)C(C(C(C(C(=O)O)O)O)O)O,sc-221809,L-Iduronic acid sodium salt,61199-83-5,194.0426527
303,C([C@@H]([C@H](C(=O)CO)O)O)O,sc-221815,L-Xylulose,527-50-4,150.0528234
304,C([C@@H]([C@@H](C=O)O)O)O,sc-221822,L(+)-Erythrose,533-49-3,120.0422587
305,C([C@@H]1[C@@H]([C@@H]([C@H]([C@@H](O1)O[C@@H]2[C@H](O[C@H]([C@@H]([C@H]2O)O)O)CO)O)O)O)O,sc-221827,beta-Lactose,5965-66-2,342.1162115
306,C([C@@H]1[C@@H]([C@@H]([C@H]([C@@H](O1)O[C@@H]2[C@H](O[C@H]([C@@H]([C@H]2O)O)O)CO)O)O)O)O,sc-221828,Lactose,63-42-3,342.1162115
307,CC(=O)OC[C@@H]1[C@H]([C@@H]([C@@H]([C@@H](O1)OC(=O)C)OS(=O)(=O)C(F)(F)F)OC(=O)C)OC(=O)C,sc-221870,Mannose Triflate,92051-23-5,480.0549317
308,C([C@@H]1[C@@H]([C@@H]([C@H]([C@H](O1)OC[C@H]([C@H]([C@@H]([C@H](C=O)O)O)O)O)O)O)O)O,sc-221880,Melibiose,585-99-9,342.1162115
309,C([C@H]([C@H](CO)O)O)O,sc-221882,meso-Erythritol,149-32-6,122.0579088
310,CO[C@@H]1[C@H]([C@H]([C@@H]([C@H](O1)CO)O)O)O[C@@H]2[C@H]([C@H]([C@@H]([C@H](O2)CO)O)O)O,sc-221895,Methyl 2-O-(alpha-D-Mannopyranosyl)-alpha-D-mannopyranoside,59571-75-4,356.1318616
311,COC1C(C(C(C(O1)COC2C(C(C(C(O2)CO)O)O)O)O)OC3C(C(C(C(O3)CO)O)O)O)O,sc-221914,"Methyl 3,6-Di-O-(alpha-D-mannopyranosyl)-alpha-D-mannopyranoside",68601-74-1,518.184685
312,CO[C@@H]1[C@@H]([C@H]([C@@H]([C@H](O1)CO)O)O)O,sc-221924,Methyl a-D-glucopyranoside,97-30-3,194.0790382
313,CCCCN1C[C@@H]([C@H]([C@H]([C@H]1CO)O)O)O,sc-221974,N-(n-Butyl)deoxygalactonojirimycin,141206-42-0,219.1470582
314,CC(=O)N[C@@H](C=O)[C@H]([C@H]([C@@H](CO)O)O)O,sc-221979,N-Acetyl-D-galactosamine,1811-31-0,221.0899372
315,C1=CC=C2C=C(C=CC2=C1)O[C@@H]3[C@@H]([C@H]([C@@H]([C@H](O3)CO)O)O)O,sc-222043,ß-Naphthyl a-D-Glucopyranoside,25320-79-0,306.1103383
316,CC(=O)N[C@@H]1[C@H]([C@H]([C@H](O[C@@H]1OC)CO)O)O,sc-222088,O-Methyl-N-acetyl-2-deoxy-alpha-D-galactosamine,6082-22-0,235.1055873
317,CCCCCCCCO[C@H]1[C@@H]([C@H]([C@H]([C@H](O1)CO)O)O)O,sc-222093,Octyl ß-D-galactopyranoside,40427-75-6,292.1885886
318,COC1=C(C=C(C=C1)/C=C/C2=CC(=CC(=C2)O[C@H]3[C@@H]([C@H]([C@@H]([C@H](O3)CO)O)O)O)O)O,sc-222250,Rhapontin,155-58-8,420.1420323
319,C([C@H]([C@H]([C@@H]([C@H](C(=O)[O-])O)O)O)O)O,sc-222321,Sodium gluconate,527-07-1,195.0510263
320,C([C@@H]1[C@@H]([C@@H]([C@H]([C@H](O1)O[C@]2([C@H]([C@@H]([C@H](O2)CCl)O)O)CCl)O)O)Cl)O,sc-222332,Sucralose,56038-13-2,396.0145506
321,C(=O)[C@@H]([C@H]([C@H]([C@@H](C(=O)O)O)O[C@@H]1[C@@H]([C@H]([C@H]([C@H](O1)C(=O)O)O[C@@H]2[C@@H]([C@H]([C@H]([C@H](O2)C(=O)O)O)O)O)O)O)O)O,sc-222371,Trigalacturonic acid,6037-45-2,546.1068286
322,C[C@H]([C@H](C[C@@H](C=O)O)O)O,sc-222394,Tyvelose,5658-12-8,148.0735589
323,C([C@@H]1[C@H]([C@@H]([C@H]([C@H](O1)OP(=O)([O-])[O-])O)O)O)O,sc-222432,a-D-Glucose 1-phosphate dipotassium salt,5996-14-5,258.0151657
324,CC1(OC[C@@H](O1)[C@@H]2C(=O)[C@@H]3[C@H](O2)OC(O3)(C)C)C,sc-222904,"1,2:5,6-Di-O-isopropylidene-alpha-D-ribo-hexofuranose-3-ulose (mixture of keto and ketal forms)",2847-00-9,258.1103383
325,C1=CC=C(C(=C1)CCO)C(F)(F)F,sc-223299,2-(Trifluoromethyl)phenethyl alcohol,94022-96-5,190.0605496
326,C(COCCOCCCl)O,sc-223322,2-[2-(2-Chloroethoxy)ethoxy]ethanol,5197-62-6,168.055322
327,C1=CC(=CC=C1CCCO)O,sc-223519,3-(4-Hydroxyphenyl)-1-propanol,10210-17-0,152.0837296
328,C1[C@@H]([C@H]([C@@H]([C@H](N1CCCCCOCC23CC4CC(C2)CC(C4)C3)CO)O)O)O,sc-223780,AMP-Deoxynojirimycin,216758-20-2,397.2828233
329,C([C@H]([C@H]([C@@H]([C@H]([C@H](C(=O)[O-])O)O)O)O)O)O,sc-223855,Calcium alpha-D-heptagluconate dihydrate,10030-53-2,225.061591
330,[C@@H]1([C@@H]([C@H]([C@@H]([C@@H]([C@@H]1O)OP(=O)(O)[O-])OP(=O)(O)[O-])O)O)O,sc-223910,"D-myo-Inositol-1,2-diphosphate, sodium salt",208584-51-4,337.9814962
331,[C@H]1([C@H](C([C@H]([C@@H](C1O)OP(=O)(O)O)OP(=O)(O)O)O)OP(=O)(O)O)OP(=O)(O)O,sc-223922,"D-myo-Inositol-1,3,4,6-tetraphosphate, ammonium salt",142507-74-2,499.9287102
332,C1(C(C(C(C(C1OP(=O)(O)[O-])OP(=O)(O)[O-])OP(=O)(O)[O-])OP(=O)(O)[O-])O)O,sc-223926,"D-myo-Inositol-1,4,5,6-tetraphosphate, sodium salt",157542-47-7,495.8996044
333,[C@@H]1([C@H]([C@H]([C@@H]([C@H]([C@@H]1OP(=O)(O)[O-])O)OP(=O)(O)[O-])OP(=O)(O)[O-])O)O,sc-223927,"D-myo-Inositol-1,4,6-triphosphate, sodium salt",157380-18-2,416.9405503
334,CCS(=O)[C@@H]1[C@@H]([C@H]([C@H]2C(O1)COC(O2)C3=CC=CC=C3)OCC4=CC=CC=C4)OCC5=CC=CC=C5,sc-223969,"Ethyl 2,3-Di-O-benzyl-4,6-O-benzylidene-1-deoxy-1-thio-alpha-D-mannopyranoside S-Oxide",188357-34-8,508.1919597
335,CCS[C@@H]1[C@H]([C@H]([C@@H]([C@H](O1)COC(=O)C)OC(=O)C)OC(=O)C)OC(=O)C,sc-223970,"Ethyl 2,3,4,6-Tetra-O-acetyl-alpha-D-thiomannopyranoside",79389-52-9,392.1141033
336,C1=CC=C(C=C1)CO[C@@H]2C=CO[C@@H]([C@@H]2O)CO,sc-226767,4-O-Benzyl-D-galactal,157380-76-2,236.104859
337,C1=CC(=O)OC2=CC(=C(C=C21)O[C@H]3[C@@H]([C@H]([C@@H]([C@H](O3)CO)O)O)O)O,sc-227984,Esculin sesquihydrate,66778-17-4,340.0794321
338,C([C@@H]1[C@@H]([C@@H]([C@H]([C@H](O1)OC2[C@@H]([C@H](C([C@H]([C@H]2O)O)O)O)O)O)O)O)O,sc-228240,Galactinol dihydrate,16908-86-4,342.1162115
339,C1=CC=C2C=C(C=CC2=C1)O[C@H]3[C@@H]([C@H]([C@H]([C@H](O3)CO)O)O)O,sc-230575,2-Naphthyl-beta-D-galactopyranoside hydrate,312693-81-5,306.1103383
340,C([C@@H]([C@@H]1C(=C(C(=O)O1)OP(=O)([O-])[O-])[O-])O)O,sc-230644,2-Phospho-L-ascorbic acid trisodium salt,66170-10-3,252.9765891
341,C1CCC2(CC1)O[C@@H]3[C@H](OC(=O)[C@@H]3O2)CO,sc-230794,"2,3-Cyclohexylidene-D-ribonic acid gamma-lactone",27304-20-7,228.0997736
342,CC1(OC[C@H]2[C@@H](O1)[C@H]3[C@@](O2)(OC(O3)(C)C)C(=O)O)C,sc-230914,"(-)-2,3:4,6-Di-O-isopropylidene-2-keto-L-gulonic acid monohydrate",68539-16-2,274.1052529
343,C1[C@H]2[C@@H]([C@H](O[C@H](O2)C3=CC=CC=C3)C=O)O[C@H](O1)C4=CC=CC=C4,sc-231048,"2,4:3,5-Di-O-benzylidene-aldehydo-D-ribose",32580-00-0,326.1154237
344,CC1(O[C@@H]2[C@H](OC(=O)[C@@H]2O1)CO[Si](C)(C)C(C)(C)C)C,sc-233433,"5-O-(tert-Butyldimethylsilyl)-2,3-O-isopropylidene-D-ribonic acid gamma-lactone",75467-36-6,302.1549505
345,C[C@@H]1[C@H](OC(O1)(C)C)C(=O)OC,sc-235630,"Methyl (4S,5R)-2,2,5-trimethyl-1,3-dioxolane-4-carboxylate",38410-80-9,174.0892089
346,CO[C@@H]1[C@@H]([C@H]([C@@H]([C@H](O1)CO)OCC2=CC=CC=C2)OCC3=CC=CC=C3)OCC4=CC=CC=C4,sc-235702,"Methyl 2,3,4-tri-O-benzyl-alpha-D-glucopyranoside",53008-65-4,464.2198887
347,CO[C@@H]1[C@@H]([C@H]([C@@H]([C@H](O1)CO[Si](C)(C)C)O[Si](C)(C)C)O[Si](C)(C)C)O[Si](C)(C)C,sc-235703,"Methyl 2,3,4,6-tetra-O-(trimethylsilyl)-alpha-D-glucopyranoside",2641-79-4,482.2371453
348,CC1=CC=C(C=C1)S[C@H]2[C@@H]([C@H]([C@@H]([C@H](O2)CO[Si](C)(C)C)O[Si](C)(C)C)O[Si](C)(C)C)O[Si](C)(C)C,sc-236279,"p-Tolyl 1-thio-2,3,4,6-tetra-O-(trimethylsilyl)-beta-D-glucopyranoside",942043-17-6,574.2456018
349,CC(=O)O[C@@H]1CO[C@H]([C@H]([C@@H]1OC(=O)C)OC(=O)C)Br,sc-237237,Tri-O-acetyl-beta-D-arabinosylbromide,3068-29-9,338.0001149
350,CC1=CC=C(C=C1)S(=O)(=O)OC[C@H]2[C@@H](OC(O2)(C)C)COS(=O)(=O)C3=CC=C(C=C3)C,sc-237752,"(-)-1,4-Di-O-tosyl-2,3-O-isopropylidene-L-threitol",37002-45-2,470.1069098
351,C([C@H]([C@H]([C@@H]([C@H](C(=O)O)O)O)O)O)O,sc-239641,D-Gluconic acid solution,526-95-4,196.0583027
352,CO[C@@H]1CO[C@H]2[C@@H]1OC[C@@H]2OC,sc-250203,Isosorbide dimethyl ether,5306-85-4,174.0892089
353,CCOC(=O)C[C@@H](CC(=O)O)OC(=O)C,sc-250891,(R)-mono-Ethyl 3-acetoxyglutarate,113036-11-6,218.0790382
354,C1=CC=C(C=C1)COC[C@H]([C@@H](COCC2=CC=CC=C2)O)O,sc-251595,"(+)-1,4-Di-O-benzyl-D-threitol",91604-41-0,302.1518092
355,C1=CC=C(C=C1)C(=O)OC[C@@H]2[C@H]([C@@H]([C@H](O2)Br)OC(=O)C3=CC=CC=C3)OC(=O)C4=CC=CC=C4,sc-251839,"2,3,5-Tri-O-benzoyl-a-D-arabinofuranosyl bromide",4348-68-9,524.0470651
356,CC(C)(C)[Si](C)(C)OC[C@@H]1[C@@H]([C@@H](C=CO1)O)O,sc-252302,6-O-(tert-Butyldimethylsilyl)-D-galactal,124751-19-5,260.1443858
357,CC(=O)O[C@@H]1CO[C@H]([C@@H]([C@@H]1OC(=O)C)OC(=O)C)OC(=O)C,sc-252659,"beta-D-Ribopyranose 1,2,3,4-tetraacetate",4049-34-7,318.0950822
358,C[C@H]1[C@@H](OC(O1)(C)C)C(=O)OC,sc-253012,"Methyl (4R,5S)-2,2,5-trimethyl-1,3-dioxolane-4-carboxylate",78086-72-3,174.0892089
359,COC[C@@H]([C@H](COC)O)O,sc-253456,"(S,S)-(-)-1,4-Dimethoxy-2,3-butanediol",50622-10-1,150.0892089
360,C1=CC=C(C=C1)COC[C@H](CO)O,sc-253478,"(S)-(-)-3-Benzyloxy-1,2-propanediol",17325-85-8,182.0942943
361,C([C@@H]1[C@H]([C@@H]([C@H]([C@H](O1)O[C@@H]2[C@H](O[C@@H]([C@@H]([C@H]2O)O)O[C@@H]3[C@H](O[C@@H]([C@@H]([C@H]3O)O)O)CO)CO)O)O)O)O,sc-254946,Amylose from potato,9005-82-7,504.1690349
362,C([C@H]([C@@H]1C(=C(C(=O)O1)O)O)O)O,sc-255047,D-(-)-Isoascorbic acid,89-65-6,176.032088
363,C([C@@H]1[C@H]([C@@H]([C@H](C(O1)O)O)OC2[C@@H]([C@H]([C@@H]([C@H](O2)CO)O)OC3[C@@H]([C@H]([C@@H]([C@H](O3)CO)O)O)O)O)O)O,sc-255251,Laminarin,9008-22-4,504.1690349
364,CC(C)C1=CC(=C(C(=C1)C(C)C)S(=O)(=O)N2C=C(N=C2)[N+](=O)[O-])C(C)C,sc-255740,"1-(2,4,6-Triisopropylbenzenesulfonyl)-4-nitroimidazole",63734-76-9,379.1565773
365,C([C@@H]1[C@@H]([C@@H]([C@H]([C@@H](O1)N=[N+]=[N-])O)O)O)O,sc-255792,1-Azido-1-deoxy-beta-D-galactopyranoside,35899-89-9,205.0698705
366,CC(=O)OC[C@@H]1[C@@H]([C@@H]([C@H]([C@@H](O1)N=[N+]=[N-])OC(=O)C)OC(=O)C)OC(=O)C,sc-255793,1-Azido-1-deoxy-ß-D-galactopyranoside tetraacetate,13992-26-2,373.1121292
367,CC(=O)OC[C@@H]1[C@H]([C@@H]([C@H]([C@@H](O1)N=[N+]=[N-])OC(=O)C)OC(=O)C)OC(=O)C,sc-255795,1-Azido-1-deoxy-ß-D-glucopyranoside tetraacetate,13992-25-1,373.1121292
368,CCCCCCCCNC[C@@H]([C@H]([C@@H]([C@@H](CO)O)O)O)O,sc-255822,1-Deoxy-1-(octylamino)-D-glucitol,23323-37-7,293.2202231
369,C1[C@H]([C@H]([C@@H]([C@H](N1)CO)O)O)O,sc-255823,1-Deoxymannojirimycin hydrochloride,73465-43-7,163.0844579
370,C([C@@H]1[C@H]([C@@H]([C@H]([C@H](O1)O[C@]2([C@H]([C@@H]([C@H](O2)CO)O)O)CO[C@]3([C@H]([C@@H]([C@H](O3)CO)O)O)CO)O)O)O)O,sc-255837,1-Kestose,470-69-9,504.1690349
371,COC1C[C@@H]([C@H](O1)CO)O,sc-255854,1-O-Methyl-2-deoxy-D-ribose,60134-26-1,148.0735589
372,CC(=O)OC[C@@H]1[C@H]([C@@H]([C@H]([C@@H](O1)O[Si](C)(C)C(C)(C)C)N=[N+]=[N-])OC(=O)C)OC(=O)C,sc-255856,"1-O-tert-Butyldimethylsilyl 2-azido-2-deoxy-beta-D-glucopyranoside 3,4,6-triacetate",99049-65-7,445.1880415
373,CO[C@@H]1[C@@H]2[C@H](O[C@@H]1[C@@H](CO)O)OC3(O2)CCCCC3,sc-255898,"1,2-O-Cyclohexylidene-3-O-methyl-alpha-D-glucofuranose",13322-87-7,274.1416384
374,CC1(O[C@@H]2[C@H]([C@H](O[C@@H]2O1)[C@@H](CO)O)O)C,sc-255900,"1,2-O-Isopropylidene-alpha-D-glucofuranose",18549-40-1,220.0946882
375,CC(=O)O[C@@H]1[C@H](O[C@H]([C@@H]([C@H]1OC(=O)C)OC(=O)C)OC(=O)C)CO,sc-255907,"1,2,3,4-Tetra-O-acetyl-beta-D-glucopyranose",13100-46-4,348.1056468
376,CC1(OC[C@@H](O1)[C@H]([C@@H]([C@H]2COC(O2)(C)C)O)O)C,sc-255914,"1,2:5,6-Di-O-isopropylidene-D-mannitol",1707-77-3,262.1416384
377,C1[C@H]([C@@H]2[C@H](O1)[C@@H](CO2)O)O,sc-255945,"1,4:3,6-Dianhydro-D-mannitol",641-74-7,146.0579088
378,C([C@H]([C@H]([C@@H]([C@H](C=O)N=[N+]=[N-])O)O)O)O,sc-256068,2-Azido-2-deoxy-D-glucose,56883-39-7,205.0698705
379,CCS[C@@H]1[C@H]([C@@H]([C@@H]([C@@H](O1)C)OCC2=CC=CC=C2)OCC3=CC=CC=C3)OCC4=CC=CC=C4,sc-256291,"2,3,4-Tri-O-benzyl-1-S-ethyl-beta-L-thiofucopyranoside",99409-34-4,478.2177806
380,CC(C)(C)C(=O)OC[C@@H]1[C@@H]([C@@H]([C@H]([C@@H](O1)N=C=S)OC(=O)C(C)(C)C)OC(=O)C(C)(C)C)OC(=O)C(C)(C)C,sc-256298,"2,3,4,6-Tetra-O-pivaloyl-beta-D-galactopyranosyl isothiocyanate",147948-52-5,557.265853
381,C1=CC=C(C=C1)C(=O)OC[C@@H]2[C@H]([C@H]([C@@H](O2)C#N)OC(=O)C3=CC=CC=C3)OC(=O)C4=CC=CC=C4,sc-256300,"2,3,5-Tri-O-benzoyl-beta-D-ribofuranosyl cyanide",23316-67-8,471.131802
382,C1=CC=C(C=C1)C(=O)OC[C@@H]2[C@H]([C@H]([C@@H](O2)N=C=S)OC(=O)C3=CC=CC=C3)OC(=O)C4=CC=CC=C4,sc-256301,"2,3,5-Tri-O-benzoyl-beta-D-ribofuranosyl isothiocyanate",58214-53-2,503.103873
383,C[C@H]1[C@H]([C@H]([C@@H]([C@@H](O1)O[C@@H]2[C@H]([C@H]([C@H](O[C@H]2O[C@H]([C@@H](CO)O)[C@@H]([C@H](C=O)O)O)CO)O)O)O)O)O,sc-256371,2prime-Fucosyl-D-lactose,41263-94-9,488.1741203
384,C([C@@H]1[C@H]([C@@H]([C@@H]([C@H](O1)O[C@H]2[C@H]([C@@H]([C@H](OC2O)CO)O)O)O)O)O)O,sc-256377,2alpha-Mannobiose,15548-39-7,342.1162115
385,CC(C)(C)[Si](C)(C)O[C@H]1C[C@H]([C@@H]([C@H](O1)CO)O)N=[N+]=[N-],sc-256455,"3-Azido-2,3-dideoxy-1-O-(tert-butyldimethylsilyl)-beta-D-arabino-hexopyranose",189454-43-1,303.1614328
386,CC(=O)O[C@H]([C@@H](CO[Si](C)(C)C(C)(C)C)O)[C@@H]([C@H](C=O)O)OC(=O)C,sc-256576,"3,4-Di-O-acetyl-6-O-(tert-butyldimethylsilyl)-D-glucal",117136-33-1,378.1709944
387,CO[C@@H]1[C@@H]([C@H]([C@H]2[C@H](O1)COC(O2)C3=CC=CC=C3)O)O,sc-256842,"(+)-(4,6-O-Benzylidene)methyl-alpha-D-glucopyranoside",3162-96-7,282.1103383
388,CC1OC[C@@H]2[C@@H](O1)[C@@H]([C@H]([C@H](O2)O)O)O,sc-256844,"4,6-O-Ethylidene-alpha-D-glucose",13224-99-2,206.0790382
389,C1[C@H]([C@@H]([C@H]([C@@H](O1)OC2=CNC3=C2C(=C(C=C3)Br)Cl)O)O)O,sc-256898,5-Bromo-4-chloro-3-indolyl beta-D-xylopyranoside,207606-55-1,376.9665623
390,C([C@H]([C@@H]([C@@H]([C@H](C=O)O)O)O)O)N=[N+]=[N-],sc-256972,6-Azido-6-deoxy-D-galactose,66927-03-5,205.0698705
391,CC(C)(C)[Si](C)(C)OC[C@@H]1[C@H]([C@@H](C=CO1)O)O,sc-256999,6-O-(tert-Butyldimethylsilyl)-D-glucal,58871-09-3,260.1443858
392,CC(C)(C)[Si](C1=CC=CC=C1)(C2=CC=CC=C2)OC[C@@H]3[C@H]([C@@H](C=CO3)O)O,sc-257000,6-O-(tert-Butyldiphenylsilyl)-D-glucal,87316-22-1,384.1756859
393,C1=CC=C(C=C1)C(=O)OC[C@@H]2[C@H]([C@H]([C@H](O2)OC(=O)C3=CC=CC=C3)O)OC(=O)C4=CC=CC=C4,sc-257035,"a-D-Ribofuranose 1,3,5-tribenzoate",22224-41-5,462.1314677
394,C1=CC=C(C=C1)[C@H](C#N)O[C@H]2[C@@H]([C@H]([C@@H]([C@H](O2)CO[C@H]3[C@@H]([C@H]([C@@H]([C@H](O3)CO)O)O)O)O)O)O,sc-257087,Amygdalin,29883-15-6,457.1584107
395,C([C@@H]([C@@H]1C(=C(C(=O)O1)[O-])O)O)O,sc-257212,Calcium L-ascorbate dihydrate,5743-28-2,175.0248115
396,C([C@H]([C@@H]([C@@H]([C@H](C=O)O)O)OS(=O)(=O)[O-])O)O,sc-257282,D-Galactose 4-sulfate sodium salt,125113-68-0,259.0129265
397,C([C@@H]1[C@H]([C@@H]([13C@H]([13CH](O1)O)O)O)O)O,sc-257286,"D-Glucose-1,2-13C2",261728-61-4,182.0700978
398,C([C@H]([C@H]([C@@H]([C@@H](C=O)O)O)O)O)OS(=O)(=O)[O-],sc-257290,D-Mannose 6-sulfate sodium salt,204575-08-6,259.0129265
399,COC1[C@@H]([C@H](C([C@@H]([C@@H]1O)O)O)O)O,sc-257293,D-Pinitol,10284-63-6,194.0790382
400,C1[C@H]([C@@H]2[C@H](O1)[C@H](CO2)O)O,sc-257316,Dianhydro-D-glucitol,652-67-5,146.0579088
401,CC(=O)N[C@@H]1[C@H]([C@H]([C@H](OC1O)CO)O)O[C@H]2[C@@H]([C@H]([C@H]([C@H](O2)CO)O)O)O,sc-257553,Galacto-N-biose,20972-29-6,383.1427606
402,C([C@H]([C@H]([C@@H]([C@H](C(=O)[O-])O)O)O)O)O,sc-257621,Iron(II) D-gluconate dihydrate,22830-45-1,195.0510263
403,C([C@@H]([C@H]([C@@H](C=O)O)O)O)O,sc-257641,L-(-)-Xylose,609-06-3,150.0528234
404,C([C@@H]([C@@H]([C@H](C(=O)CO)O)O)O)O,sc-257642,L-(+)-Fructose,7776-48-9,180.0633881
405,C([C@@H]([C@@H]([C@@H]([C@H](C=O)O)O)O)O)O,sc-257648,L-Altrose,1949-88-8,180.0633881
406,CC(=O)OC[C@H]1[C@@H]([C@@H]([C@H](O1)OC(=O)C)OC(=O)C)OC(=O)C,sc-257653,"beta-L-Ribofuranose 1,2,3,5-tetra-O-acetate",144490-03-9,318.0950822
407,C([C@@H]1[C@H]([C@@H]([C@H]([C@H](O1)O[C@@H]2[C@H](O[C@@H]([C@@H]([C@H]2O)O)O[C@@H]3[C@H](OC([C@@H]([C@H]3O)O)O)CO)CO)O)O)O)O,sc-257689,Maltotriose Monohydrate,207511-08-8,504.1690349
408,CC1=CC=C(C=C1)S[C@H]2[C@@H]([C@H]([C@@H]([C@H](O2)CO)O)O)O,sc-257958,p-Tolyl 1-thio-beta-D-glucopyranoside,1152-39-2,286.0874947
409,C1=CC=C(C=C1)COC[C@@H]2[C@@H]([C@@H](C=CO2)OCC3=CC=CC=C3)OCC4=CC=CC=C4,sc-258279,Tri-O-benzyl-D-galactal,80040-79-5,416.1987594
410,C1=CC=C(C=C1)COC[C@@H]2[C@H]([C@@H](C=CO2)OCC3=CC=CC=C3)OCC4=CC=CC=C4,sc-258280,Tri-O-benzyl-D-glucal,55628-54-1,416.1987594
411,CC(C)CCCCC(C)C,sc-266238,"2,7-Dimethyloctane",1072-16-8,142.1721507
412,C1[C@H]([C@@H]([C@H]([C@@H](O1)OC2=CC=CC=C2[N+](=O)[O-])O)O)O,sc-275083,2-Nitrophenyl-beta-D-xylopyranoside,10238-27-4,271.0692018
413,CC(=O)O[C@@H]1[C@H]([C@H]([C@@H](O1)COC(=O)C2=CC=CC=C2)OC(=O)C3=CC=CC=C3)OC(=O)C4=CC=CC=C4,sc-278766,"Beta-L-Ribofuranose-1-acetate-2,3,5-tribenzoate",3080-30-6,504.1420323
414,C1[C@H]([C@H]([C@@H](C(O1)O)O)O)O,sc-278915B,D-(-)-Arabinose,28697-53-2,150.0528234
415,C1=CC=C2C(=C1)C(=O)OC23C4=C(C=C(C=C4)O)OC5=C3C=CC(=C5)O[C@H]6[C@@H]([C@H]([C@H]([C@H](O6)CO)O)O)O,sc-279164,Fluorescein beta-D-galactopyranoside,102286-67-9,494.1212969
416,C([C@H](C([C@H](CO)O)O)O)O,sc-280193,Xylitol,87-99-0,152.0684735
417,CC(=O)NC1[C@@H](OC(C(C1O)O)CO)O,sc-280638,Chitin,1398-61-4,221.0899372
418,C1CCC(CC1)CCCCCCO[C@H]2[C@@H]([C@H]([C@@H]([C@H](O2)CO)O[C@@H]3[C@@H]([C@H]([C@@H]([C@H](O3)CO)O)O)O)O)O,sc-280651,Cyclohexyl-n-hexyl-beta-D-maltoside,228579-27-9,508.2883622
419,C([C@@H]1[C@H]([C@@H]([C@H]([C@@H](O1)O[C@@H]2[C@H](O[C@H]([C@@H]([C@H]2O)O)O)CO)O)O)O)O,sc-280654,D-Cellobiose,528-50-7,342.1162115
420,C(C(C=O)O)OP(=O)(O)O,sc-280680,DL-Glyceraldehyde 3-phosphate solution,591-59-3,169.9980246
421,C([C@@H]1[C@H]([C@@H]([C@H]([C@@H](O1)OC[C@H]([C@H]([C@@H]([C@H](C=O)O)O)O)O)O)O)O)O,sc-280730B,beta-Gentiobiose,554-91-6,342.1162115
422,C([C@@H]1[C@H]([C@@H]([C@H](C(O1)OS(=O)(=O)[O-])OS(=O)(=O)[O-])OS(=O)(=O)[O-])OS(=O)(=O)[O-])OS(=O)(=O)[O-],sc-280740,"Glucose Pentasulfate, Potassium Salt",359435-44-2,574.8110801
423,C([C@@H]1[C@@H]([C@@H]([C@H]([C@@H](O1)O[C@@H]2[C@H](O[C@@]([C@H]2O)(CO)O)CO)O)O)O)O,sc-280893,Lactulose,4618-18-2,342.1162115
424,C([C@@H]1[C@H]([C@@H]([C@H]([C@H](O1)O[C@H]([C@@H](CO)O)[C@@H]([C@H](C=O)O)O)O)O)O)O,sc-280954,"D-Maltose, Monohydrate",6363-53-7,342.1162115
425,C([C@@H]1[C@H]([C@@H]([C@H]([C@H](O1)O[C@@H]2[C@H](O[C@@H]([C@@H]([C@H]2O)O)O[C@@H]3[C@H](OC([C@@H]([C@H]3O)O)O)CO)CO)O)O)O)O,sc-280955,Maltotriose,1109-28-0,504.1690349
426,CCCCCCCC(=O)N(C)C[C@@H]([C@H]([C@@H]([C@@H](CO)O)O)O)O,sc-280957,MEGA-8,85316-98-9,321.2151377
427,CO[C@@H]1[C@H]([C@H]([C@@H]([C@H](O1)CO)O)O[C@@H]2[C@H]([C@H]([C@@H]([C@H](O2)CO)O)O)O)O,sc-280973,Methyl 3-O-(a-D-mannopyranosyl)-a-D-mannopyranoside,72028-62-7,356.1318616
428,CC(=O)N[C@@H]1[C@H]([C@@H]([C@H](OC1O)CO)O[C@H]2[C@@H]([C@H]([C@H]([C@H](O2)CO)O)O)O)O,sc-281053,N-Acetyl-D-lactosamine,32181-59-2,383.1427606
429,C([C@H](C([C@H](CO)O)O)O)O,sc-281142,Ribitol,488-81-3,152.0684735
430,CCCCCCCCCCCC(=O)OCC([C@@H]1[C@@H]([C@H](CO1)O)O)O,sc-281151,Sorbitan monolaurate,1338-39-2,346.2355388
431,CCCCCCCCCCCCCCCCCC(=O)OC[C@H]([C@@H]1[C@@H]([C@H](CO1)O)O)O,sc-281152,Sorbitan monostearate,1338-41-6,430.3294392
432,CC(=O)OC[C@@H]1[C@H]([C@@H]([C@H](C(O1)OC(=O)C)OC(=O)C)OC(=O)C)OC(=O)C,sc-281196,"alpha,beta-D-Glucose pentaacetate",83-87-4,390.1162115
433,CC(=O)[C@H]([C@@H](CO)O)O,sc-282076,1-Deoxy-D-xylulose,60299-43-6,134.0579088
434,C([C@@H]1[C@H]([C@@H]([C@H]([C@H](O1)OC[C@H]([C@H]([C@@H]([C@@H](CO)O)O)O)O)O)O)O)O,sc-282187,1-O-(a-Glucopyranosyl)-D-mannitol,20942-99-8,344.1318616
435,CC(=O)OC[C@@H]1[C@H]([C@@H]([C@H]([C@@H](O1)OC(=O)C)N)OC(=O)C)OC(=O)C,sc-282335,"1,3,4,6-Tetra-O-acetyl-2-amino-2-desoxy-int-D-glucopyranose hydrochloride",10034-20-5,347.1216313
436,CC(=O)OC[C@@H]1[C@@H]([C@@H]([C@H]([C@H](O1)OC(=O)C)N=[N+]=[N-])OC(=O)C)OC(=O)C,sc-282336,"1,3,4,6-Tetra-O-acetyl-2-azido-2-deoxy-a-D-galactopyranose",67817-30-5,373.1121292
437,C1[C@H]([C@@H]([C@H]([C@@H](O1)O[C@@H]2COC([C@@H]([C@H]2O)O)O)O)O)O,sc-282355,"1,4-D-Xylobiose",6860-47-5,282.0950822
438,C[C@@H]([C@H]([C@H]([C@@H](C=O)F)O)O)O,sc-283123B,2-Deoxy-2-fluoro-L-fucose,70763-62-1,166.0641371
439,C(C=O)[C@H]([C@H](CO)O)O,sc-283127,2-Deoxy-L-ribose,18546-37-7,134.0579088
440,C([C@H]([C@H]([C@@H](C(=O)C(=O)[O-])O)O)O)O,sc-283188,2-Keto-D-gluconic acid hemicalcium salt monohydrate,3470-37-9,193.0353762
441,CC(=O)O[C@H]1[C@H](O[C@H]2[C@@H]1OC(O2)(C)C)[C@H]3COC(O3)(C)C,sc-283825,"3-O-Acetyl-1,2:5,6-di-O-isopropylidene-a-D-glucofuranose",16713-80-7,302.136553
442,C1[C@@H]2[C@H]([C@@H](C=CO2)O)OC(O1)C3=CC=CC=C3,sc-284472,"4,6-O-Benzylidene-D-glucal",14125-70-3,234.0892089
443,C1[C@H]([C@@H](OC(O1)C2=CC=CC=C2)[C@@H]([C@H](C=O)O)O)O,sc-284473,"4,6-O-Benzylidene-D-glucose",30688-66-5,268.0946882
444,C([C@@H]1[C@H]([C@@H]([C@@H]([C@H](O1)OP(=O)(O)[O-])O)O)O)O,sc-284868,a-D-Mannose-1-phosphate sodium salt,99749-54-9,259.0224422
445,C([C@@H]1[C@H]([C@@H]([C@H]([C@@H](O1)N)O)O)O)O,sc-284974,b-D-Glucopyranosyl amine,7284-37-9,179.0793725
446,C1=CO[C@H]([C@H]2[C@@H]1[C@@H]([C@H]3[C@@]2(O3)CO)O)O[C@H]4[C@@H]([C@H]([C@@H]([C@H](O4)CO)O)O)O,sc-285281,Catapol,2415-24-9,362.1212969
447,C([C@@H]1[C@H]([C@@H]([C@H]([C@@H](O1)O[C@H]([C@@H](CO)O)[C@@H]([C@H](C=O)N)O)N)O)O)O,sc-285283,Chitobiose 2HCl,577-76-4,340.1481803
448,C([C@H]([C@H]([C@@H](C(=O)COP(=O)([O-])[O-])O)O)O)O,sc-285345,D-Fructose-1-phosphate disodium salt,71662-09-4,258.0151657
449,C([C@H]([C@@H]([C@H]([C@H](C=O)O)O)O)O)O,sc-285364,D-Gulose,4205-23-6,180.0633881
450,C([C@@H]1[C@@H]([C@@H]([C@H]([C@@H](O1)O[C@@H]2[C@H](O[C@@H]([C@@H]([C@H]2O)O)O)CO)O)O)O)O,sc-285369,D-Lactose,64044-51-5,342.1162115
451,C1[C@H]([C@H]([C@@H]([C@](O1)(CO)O)O)O)O[C@@H]2[C@@H]([C@H]([C@@H]([C@H](O2)CO)O)O)O,sc-285374,D-Leucrose,71205-61-3,342.1162115
452,C([C@H]([C@H]([C@H](C=O)[O-])[O-])O)OP(=O)(O)O,sc-285388,D-Ribose 5-phosphate disodium salt,18265-46-8,228.004601
453,C([C@@H]1[C@H]([C@H]([C@@H]([C@](O1)(CO)O)O)O)O)OP(=O)([O-])[O-],sc-285389,D-Sedoheptulose-7-phosphate barium salt,17187-72-3,288.0257304
454,C1(C(C(C(C(C1O)O)O)O)O)O,sc-285488,Epi-inositol,488-58-4,180.0633881
455,C([C@@H]1[C@H]([C@@H]([C@H]([C@@H](O1)OC[C@@H]2[C@H]([C@@H]([C@H]([C@H](O2)O[C@]3([C@H]([C@@H]([C@H](O3)CO)O)O)CO)O)O)O)O)O)O)O,sc-285858,Gentianose,25954-44-3,504.1690349
456,C([C@H]([C@@H]([C@H]([C@H](CO)O)O)O)O)O,sc-286105,L-Sorbitol,6706-59-8,182.0790382
457,C([C@@H]([C@H]([C@H](C(=O)CO)O)O)O)O,sc-286106,L-Tagatose,17598-82-2,180.0633881
458,CO[C@@H]1[C@@H]([C@H]([C@@H](CO1)O)O)O,sc-286288,Methyl alpha-D-xylopyranoside,91-09-8,164.0684735
459,CC(=O)N[C@@H]1[C@H]([C@@H]([C@H](OC1O)CO)O)O,sc-286377,N-Acetyl-D-glucosamine,7512-17-6,221.0899372
460,C([C@@H]1[C@H]([C@@H]([C@H]([C@H](O1)O[C@H]2[C@@H]([C@H](OC([C@@H]2O)O)CO)O)O)O)O)O,sc-286585,Nigerose,497-48-3,342.1162115
461,C([C@H]([C@H](C([C@@H]([C@H](CO)O)O)O)O)O)O,sc-286642,Perseitol,527-06-0,212.0896029
462,C([C@H]([C@H]([C@@H]([C@H]([13CH]=O)N)O)O)O)O,sc-287689,2-amino-2-deoxy-D-[1-13C]glucose hydrochloride,84247-63-2,180.0827274
463,CC(=O)OC[C@@H]1[C@H]([C@@H]([C@H]([C@@H](O1)OC(=N)C(Cl)(Cl)Cl)OC(=O)C)OC(=O)C)OC(=O)C,sc-288394,"2,3,4,6-Tetra-O-acetyl-beta-D-glucopyranosyl 2,2,2-Trichloroacetimidate",92052-29-4,491.0152789
464,C([C@@H]1[C@H]([C@@H]([C@H]([C@@H](O1)O)O)O)O)O,sc-291973,beta-D-Glucose,492-61-5,180.0633881
465,C([C@@H]1[C@H]([C@@H]([C@H]([C@H](O1)O[C@@H]2[C@@H]([C@H]([C@@H]([C@H](O2)CO)O)O)O)O)O)O)O,sc-294151,D-(+)-Trehalose Anhydrous,99-20-7,342.1162115
466,C([C@@H]1[C@H]([13C@@H]([13C@H]([13CH](O1)O)O)O)O)O,sc-294166,"D-[1,2,3-13C3]glucose",478529-32-7,183.0734526
467,C([C@H]([C@H]([C@H]([C@@H](C=O)O)O)O)O)O,sc-294231,D-Altrose,1990-29-0,180.0633881
468,C([C@H]([C@H]([C@@H]([C@H](C=O)NOS(=O)(=O)[O-])O)O)O)OOS(=O)(=O)[O-],sc-294243,"D-Glucosamine-2-N,6-O-disulphate disodium salt",202266-99-7,368.9682786
469,C([C@H]([C@H]([C@@H]([C@H](C=O)O)O)O)O)OP(=O)([O-])[O-],sc-294244,"D-Glucose-6-phosphate, dipotassium",5996-17-8,258.0151657
470,C([C@@H]([C@@H](C(=O)CO)O)O)O,sc-295329,L-Ribulose,2042-27-5,150.0528234
471,C1(C(C(C(C(C1O)O)O)O)O)O,sc-295506,muco-Inositol,41546-34-3,180.0633881
472,CC(=O)N[C@@H](C=O)[C@H]([C@H]([C@@H](COS(=O)(=O)[O-])O)O)O,sc-295652,N-Acetyl-D-galactosamine-6-O-sulphate sodium salt,204575-07-5,300.0394756
473,C([C@H]([C@H]([C@H](C=O)O)O)O)OP(=O)([O-])[O-],sc-296268,Ribose-5-phosphate Barium Salt,15673-79-7,228.004601
474,C1=CN(C(=O)NC1=O)C2C(C(C(O2)COP(=O)([O-])OP(=O)([O-])OC3C(C(C(C(O3)CO)O)O)O)O)O,sc-296687,"Uridine-5'-diphosphoglucose, disodium salt",117756-22-6,564.0404677
475,C1=CC(=C(C=C1N)N)OCCO,sc-296703,Xanthan gum,11138-66-2,168.0898776
476,[C@H]1([C@H](C([C@@H]([C@@H](C1O)O)O)OP(=O)(O)O)O)O,sc-300412,D-myo-Inositol 1-monophosphate bis(cyclohexylammonium) salt,106032-59-1,260.0297186
477,C([C@@H]1[C@H]([C@@H](C(O1)(CN)O)O)O)O,sc-333721,1-Amino-1-deoxy-D-fructose hydrochloride,51296-39-0,179.0793725
478,C1[C@H](CO[C@H]2[C@H]1OC(OC2)C3=CC=CC=C3)O,sc-357485,"1,5-Anhydro-4,6-O-benzylidene-3-deoxy-D-glucitol",152613-20-2,236.104859
479,CC1(OC2C(OC(=O)C2O1)CBr)C,sc-357847,"5-Bromo-5-deoxy-2,3-isopropylidene-D-ribonolactone",94324-23-9,249.9840709
480,CC(=O)N[C@@H]1[C@H](C([C@H](O[C@H]1OC2[C@H](O[C@H]([C@@H]([C@H]2O)N)O)CO)CO)O[C@H]3[C@@H]([C@H]([C@@H]([C@H](O3)CO)O)O)N)O,sc-358091,Carboxymethyl chitosan,83512-85-0,543.2275529
481,C([C@@H]1[C@H]([C@@H]([C@H]([C@H](O1)OP(=O)([O-])[O-])O)O)O)OP(=O)([O-])[O-],sc-362011,"a-D-Glucose 1,6-bisphosphate potassium salt",91183-87-8,335.9669433
482,C([C@@H]1[C@H]([C@@H]([C@@H]([C@@H](O1)N)O)O)O)O,sc-364739,1-Amino-1-deoxy-beta-D-mannopyranose,7388-99-0,179.0793725
483,C1=C(O[C@H]([C@@H]([C@H]1O)O)O[C@@H]2[C@H](OC([C@@H]([C@H]2O)NS(=O)(=O)[O-])O)CO)C(=O)[O-],sc-391190,"Heparin disaccharide IV-S, sodium Salt",136098-08-3,415.0431578
484,CC(=O)OC[C@@H]1[C@H](C[C@@H](O1)N2C=NC3=C2N=C(N=C3OCC4=CC=CC=C4)N)OC(=O)C,sc-391307,"3prime,5prime-Di-O-acetyl O6-Benzyl-2prime-deoxyguanosine",144640-75-5,441.1648335
485,C1=CC=C(C=C1)C(C2=CC=CC=C2)(C3=CC=CC=C3)OC[C@@H]4[C@H]([C@@H]([C@H](C(O4)O)O)O)O,sc-391346,6-O-Trityl-D-glucose,67919-34-0,422.1729386
486,CC(=O)OC[C@@H]1[C@H]([C@@H]([C@H](O1)COC(=O)C)OC(=O)C)OC(=O)C,sc-391434,"2,5-Anhydro-D-mannitol Tetraacetate",65729-88-6,332.1107322
487,C1C[C@H](N(C1)CC(=O)[C@H]([C@@H]([C@@H](CO)O)O)O)C(=O)O,sc-391500,Fructose-proline,29118-61-4,277.1161519
488,CC1(O[C@H]2[C@H](OC(=O)[C@H]2O1)CO)C,sc-391544,"2,3-O-Isopropylidene-D-lyxono-1,4-lactone",56543-10-3,188.0684735
489,CC(=O)OC[C@@H]1[C@H]([C@@H]([C@H]([C@@H](O1)OC2COC(OC2)C3=CC=CC=C3)OC(=O)C)OC(=O)C)OC(=O)C,sc-391705,"2,3,4,6-Tetra-O-acetyl-beta-D-glucopyranosyl (1,3-Benzylidene)glycerol",213264-93-8,510.1737264
490,CC1(OC2C(OC(C2O1)N3C=NC(=C3N)C(=O)N)CO)C,sc-391850,"5-Amino-1-(2,3-O-isopropylidene-beta-D-ribofuranosyl)-1H-imidazole-4-carboxamide",3676-69-5,298.1277197
491,C1(C(C(C(C(C1O)O)O)O)O)O,sc-394417,Inositol,6917-35-7,180.0633881
492,CC(=O)O[C@H]1[C@@H]([C@H](O[C@H]([C@@H]1OC(=O)C)OC(=N)C(Cl)(Cl)Cl)C(=O)OC)OC(=O)C,sc-396021,"2,3,4-Tri-O-acetyl-beta-D-glucuronic Acid Methyl Ester, Trichloroacetimidate",197895-54-8,476.9996288
493,CC(=O)OC[C@@H]1[C@H]([C@@H]([C@H]([C@@H](O1)O[C@H](C2=CC=CC=C2)C(=O)N)OC(=O)C)OC(=O)C)OC(=O)C,sc-396022,"(alphaR)-alpha-[(2,3,4,6-Tetra-O-acetyl-beta-D-glucopyranosyl)oxy]benzeneacetamide",207512-68-3,481.1584107
494,C1=CC=C(C=C1)C(=O)OC[C@@H]2[C@H](C([C@@H](O2)N3C=CC(=O)NC3=O)(F)F)OC(=O)C4=CC=CC=C4,sc-396123,"2prime,2prime-Difluoro-2prime-deoxyuridine 3prime,5prime-Dibenzoate",143157-27-1,472.1082074
495,CC(=O)OC[C@@H]1[C@H]([C@@H]([C@H]([C@@H](O1)OC(CO)CO)OC(=O)C)OC(=O)C)OC(=O)C,sc-396233,2-(Tetraacetylglucosido)glycerol,157024-67-4,422.1424263
496,C1=CC=C(C=C1)CO[C@@H]2[C@H](O[C@H]([C@H]2OCC3=CC=CC=C3)CO)CO,sc-396300,"2,5-Anhydro-3,4-dibenzyl-D-glucitol",129115-89-5,344.1623739
497,CC1(O[C@@H]2[C@H](O1)C(=O)O[C@@H]2[C@H](CO[Si](C)(C)C(C)(C)C)N=[N+]=[N-])C,sc-397142,"5-Azido-6-(tert-butyldimethylsilyl)-2,3-O-isopropylidene L-Gulono-1,4-lactone",118464-49-6,357.1719975
498,CC(C)C1=CN(C(=O)NC1=O)[C@H]2C[C@@H]([C@H](O2)CO)O,sc-397248,5-Isopropyl-2prime-deoxyuridine,60136-25-6,270.1215717
499,CCCCCCCCO[C@H]1[C@H]([C@H]([C@@H]([C@H](O1)CO)O)O)O,sc-460171,Octyl beta-D-mannopyranoside,140147-38-2,292.1885886
500,COC1=C(C=C2C(=C1)C=CC(=O)O2)O[C@H]3[C@@H]([C@H]([C@@H]([C@H](O3)CO)O)O)O,sc-473187,Scopoletin 7-O-glucoside,531-44-2,354.0950822
501,C1[C@@H]2[C@H]([C@@H]([C@H]([C@H](O2)O[C@H]([C@@H](CO)O)[C@@H]([C@H](C=O)O)O)O)O)OC(O1)C3=CC=CC=C3,sc-477617,"4-O-[4,6-O-(Phenylmethylene)-alpha-D-glucopyranosyl]-D-glucose",93417-41-5,430.1475117
502,C(C([C@@H]1C(C(C(=O)O1)O)O)O)O,sc-480271,"D-Allono-1,4-lactone",29474-78-0,178.047738
503,C(CCCO[C@H]1C([C@H]([C@@H](C(O1)CO)O)O)O)CCN,sc-480615,6-Aminohexyl beta-D-Glucopyranoside,56981-41-0,279.1681875
504,CC(=O)OC1C[C@@H]([C@H](O1)COC(=O)C2=CC=C(C=C2)Cl)OC(=O)C3=CC=C(C=C3)Cl,sc-480734,"1-O-Acetyl-3,5-bis(4-chlorobenzoyl)-2-deoxy-D-ribose",1207459-15-1,452.0429583
505,CC(=O)N[C@@H]1[C@H]([C@@H]([C@H](O[C@H]1N=[N+]=[N-])CO)O[C@H]2[C@@H]([C@H]([C@H]([C@H](O2)CO)O)O)O)O,sc-480780,2-(Acetylamino)-2-deoxy-4-O-(beta-D-galactopyranosyl)-beta-D-glucopyranosyl Azide,187988-46-1,408.149243
506,C1[C@H](C([C@H](CO1)O)O)O,sc-481055,"1,5-Anhydro-D-xylitol",39102-78-8,134.0579088
507,CCC[C@@H]1C[C@H](N(C1)C)C(=O)N[C@@H]([C@@H]2[C@H]3[C@@H]([C@H]([C@H](O2)SC)O)OC(O3)C4=CC=C(C=C4)OC)[C@H](C)Cl,sc-481066,"3,4-O-p-Anisylideneclindamycin Hydrochloride",25908-42-3,542.2217356
508,C[C@H]1[C@H]([C@H](C[C@@H](O1)O[C@H]2CC(=CC3=C2C(=C4C(=C3O)C(=O)C5=C(C4=O)C(=CC=C5)OC)O)C(=O)CO)N)O,sc-481956,"9,10-Anhydro Doxorubicin",80996-23-2,525.1634961
509,CO[C@@H]([C@@H]([C@H](C=O)O)O)[C@@H](C(=O)O)O,sc-484191,4-O-Methyl-D-glucuronic Acid,4120-73-4,208.0583027
510,C([C@H]([C@H]([C@@H]([C@H](C=O)O)O)O)O)OP(=O)(O)O,sc-485583,D-Glucose 6-phosphate solution,56-73-5,260.0297186
511,C1=CC=C2C(=C1)C(=C(N2)[C@@H]3[C@H]([C@H]([C@@H]([C@H](O3)CO)O)O)O)C[C@@H](C(=O)O)N,sc-488122,2-(alpha-D-Mannopyranosyl)-L-tryptophan,180509-18-6,366.142701
512,CC/C(=C(/C1=CC=C(C=C1)OCCN(C)C)\C2=CC=C(C=C2)O[C@H]3[C@@H]([C@H]([C@@H]([C@H](O3)C(=O)O)O)O)O)/C4=CC=CC=C4,sc-488279,(E)-4-Hydroxy tamoxifen O-beta-D-glucuronide,152764-51-7,563.2519171
513,C([C@@H]([C@H]([C@@H](C(=O)C(=O)O)O)O)O)O,sc-488772,2-Keto-L-gulonic Acid,526-98-7,194.0426527
514,C1=NC2=C(N1C3C(C(C(O3)COP(=O)(O)OP(=O)(O)OP(=O)(O)O)[O-])O)N=C(NC2=O)N,sc-490134,Guanosine 5'-(tetrahydrogen triphosphate) Sodium Salt,24905-71-3,521.9833836
515,C([C@@H]1[C@H]([C@@H]([C@](O1)(CO)OP(=O)(O)O)O)O)OP(=O)(O)O,sc-491525A,"D-Fructose 2,6-diphosphate disodium salt",79082-92-1,339.9960491
516,C([C@@H]1[C@H]([C@@H]([C@H](C(O1)OC[C@@H]2[C@H]([C@@H]([C@H]([C@H](O2)O)O)O)O)O)O)O)O,sc-492822,Polydextrose,68424-04-4,342.1162115
517,CC[C@@H](C1=CC(=CC=C1)O[C@H]2[C@@H]([C@H]([C@@H]([C@H](O2)C(=O)O)O)O)O)[C@@H](C)CNC,sc-500558,N-Desmethyl tapentadol O-beta-D-glucuronide,1300037-84-6,383.1944023
518,CC(=O)N[C@@H]1[C@H]([C@H]([C@H](OC1O)CO)O)OC2[C@@H]([C@H](C=C(O2)C(=O)[O-])O)O,sc-500882,Chondroitin disaccharide ?di-0S sodium salt,136132-69-9,378.104184
519,CCOC(=O)C1=CC=C(C=C1)N,sc-506233,"Dextran Sulfate Sodium Salt MW ~40,000",9011-18-1,165.0789786
520,C(C1C(C(C(C(O1)O)O)O)O)N,sc-506276,"6-Amino-6-deoxy-D-glucopyranose, hydrochloride",4460-60-0,179.0793725
